flight_id,precipitation,wind,dep_delay
BA8305-478093,Dry,Calm,2
FR3341-388038,Dry,VeryWindy,20
U22034-811074,Dry,Breezy,2
U22075-638687,Light,VeryWindy,34
BA8888-064952,Heavy,Breezy,0
U29547-903181,Dry,Breezy,7
EI5077-785120,Light,Windy,1
U28607-408782,Light,Calm,29
EI2640-049388,Light,Windy,9
EI4123-038646,Light,Windy,0
FR6845-081174,Light,Windy,22
FR776-835138,Moderate,Calm,4
FR0160-673997,Dry,Breezy,6
BA0553-087806,Moderate,VeryWindy,8
FR224-399045,Dry,Breezy,1
EI2230-116439,Dry,Breezy,0
EI7511-091690,Light,Windy,0
U21451-594186,Dry,Calm,38
FR9269-677098,Light,Windy,20
FR3751-118482,Moderate,Calm,36
BA3335-893850,Dry,Windy,36
FR9476-011476,Dry,VeryWindy,15
EI4997-341320,Dry,Breezy,0
FR1342-280716,Dry,Calm,9
FR9824-367504,Dry,Breezy,0
FR2956-308203,Dry,Calm,7
FR860-125511,Dry,Windy,26
U27642-051795,Dry,Breezy,7
U28746-132275,Dry,Calm,3
FR1600-084670,Dry,Calm,0
U29758-934135,Dry,Breezy,0
BA3825-282522,Dry,Calm,1
U29060-717686,Moderate,Calm,2
EI2552-426260,Dry,Breezy,4
U20026-752832,Dry,Breezy,9
U23361-420526,Dry,Calm,6
U26718-403183,Dry,Windy,0
FR8358-406291,Dry,Breezy,8
BA8506-980465,Dry,Windy,3
U21212-000430,Dry,Windy,7
U27181-797748,Heavy,Breezy,7
U22643-553296,Dry,Windy,33
FR4028-855709,Dry,Breezy,17
EI5089-245243,Heavy,Breezy,1
U22824-240878,Light,Breezy,7
BA0502-505373,Light,Breezy,10
U25378-446467,Dry,VeryWindy,1
EI2554-796442,Dry,Breezy,4
EI1632-791921,Dry,Breezy,0
EI7438-602076,Dry,Calm,2
EI5692-305954,Light,Windy,6
U28854-779428,Dry,Windy,0
U23814-593308,Dry,Breezy,3
FR2647-074916,Light,Calm,23
BA1612-347113,Heavy,Breezy,6
FR4950-991708,Dry,Windy,5
EI5396-280595,Light,VeryWindy,17
U22760-931719,Light,Breezy,20
BA3505-656454,Dry,Breezy,1
U29652-263256,Dry,Breezy,5
EI5403-889236,Dry,Breezy,0
BA1309-505060,Dry,Breezy,6
EI3232-883612,Dry,Windy,4
FR9174-330975,Light,Breezy,10
FR4397-308613,Dry,Calm,17
U22173-757345,Dry,VeryWindy,5
FR8890-108935,Moderate,Calm,15
U26245-217192,Light,Windy,5
FR2669-931372,Moderate,Windy,6
EI7951-496406,Light,Calm,8
FR8855-645967,Light,Calm,4
FR7286-937347,Heavy,Breezy,24
BA9809-094058,Light,Breezy,0
EI9100-117277,Dry,Windy,2
FR8613-589623,Dry,Breezy,33
EI075-020536,Light,Breezy,0
FR7686-114515,Dry,Calm,1
FR2713-100487,Moderate,Calm,22
FR3711-633556,Dry,VeryWindy,44
EI2653-155038,Dry,Windy,4
BA8512-820581,Dry,Breezy,6
FR5701-221418,Light,Calm,8
FR8316-305147,Dry,Calm,0
U20390-731193,Dry,Calm,8
BA0526-676552,Dry,Calm,5
BA4928-807579,Dry,Calm,0
FR9813-120542,Moderate,Calm,9
FR1915-896905,Dry,Breezy,30
BA1531-037701,Dry,Calm,3
FR975-731330,Light,VeryWindy,37
U25262-800687,Light,Calm,5
BA910-755024,Light,Breezy,8
EI4418-590433,Light,Calm,1
FR8443-637529,Dry,Breezy,7
U26404-333430,Moderate,Calm,5
U28162-800081,Dry,Windy,4
U24927-830677,Light,Calm,0
EI1350-397910,Light,Breezy,1
FR7166-080124,Dry,Breezy,32
BA0744-278294,Moderate,Calm,9
BA686-311089,Light,Calm,3
EI7155-304898,Moderate,VeryWindy,24
EI3639-306392,Dry,Calm,3
FR3183-510364,Light,Windy,9
U21750-098916,Dry,VeryWindy,33
BA3261-396673,Light,Breezy,5
FR6835-668223,Light,Calm,2
BA7054-673932,Light,Breezy,2
EI5929-147398,Light,Calm,3
BA1066-555492,Dry,VeryWindy,41
FR8278-374698,Heavy,Breezy,49
EI4328-663107,Dry,Windy,0
U28353-821941,Dry,Windy,3
BA9277-212333,Dry,VeryWindy,37
FR3186-299239,Dry,Windy,3
BA5979-258919,Dry,Breezy,6
EI8451-169991,Dry,Windy,6
BA1989-741486,Light,Breezy,5
EI3271-895773,Light,Breezy,5
BA4742-034113,Dry,Calm,0
U20288-469786,Dry,Calm,17
EI8814-208586,Dry,Breezy,10
EI5807-938575,Light,Breezy,15
EI2013-188988,Light,VeryWindy,8
U26375-237946,Dry,Breezy,0
BA4652-721164,Dry,Breezy,4
U22348-438365,Moderate,Breezy,4
EI5567-065743,Dry,Calm,2
FR4776-331789,Light,Calm,2
EI1302-323007,Dry,VeryWindy,5
EI7821-087420,Moderate,Windy,0
EI8700-143798,Light,VeryWindy,3
FR0573-745295,Dry,Calm,5
EI8084-788937,Light,Breezy,5
FR2217-284485,Light,Windy,8
FR1882-551630,Moderate,Calm,8
BA8733-151626,Light,Breezy,3
U25799-123039,Dry,Windy,19
EI4890-472819,Moderate,Windy,11
EI0927-648219,Light,Calm,8
EI0542-731813,Dry,Windy,4
BA7643-434773,Light,VeryWindy,35
EI8205-031799,Dry,Breezy,2
U22528-860157,Moderate,Calm,3
EI3965-206803,Dry,Calm,0
BA4051-483544,Light,Calm,0
BA7595-709488,Dry,Breezy,5
BA779-241586,Dry,VeryWindy,40
FR6360-037575,Heavy,Breezy,0
U28213-819575,Dry,Breezy,3
U28947-089673,Dry,Breezy,23
EI9431-293247,Moderate,Calm,2
BA5323-521366,Dry,Breezy,3
EI3476-333095,Light,Calm,7
FR9814-624374,Moderate,Windy,44
U28419-311790,Dry,Breezy,9
U28888-465584,Light,Calm,33
U20118-302391,Dry,Calm,5
BA1736-859300,Moderate,Breezy,4
FR3724-748179,Moderate,Breezy,37
U27919-752041,Light,Calm,0
BA9990-582842,Light,Windy,4
FR4312-356490,Moderate,Breezy,21
FR211-266236,Dry,Calm,1
U20613-803722,Light,Windy,3
EI2666-647776,Dry,Breezy,0
BA4779-272788,Dry,Calm,9
EI7408-924585,Heavy,VeryWindy,5
U28809-409471,Moderate,Windy,34
FR7148-251826,Dry,Windy,5
U24388-815380,Light,VeryWindy,2
U21268-487657,Light,Calm,3
FR7667-655571,Dry,Breezy,4
EI2425-764002,Dry,VeryWindy,1
FR7564-914865,Dry,Windy,17
EI4515-500583,Light,Windy,4
BA8463-707518,Light,Breezy,5
U25423-180039,Dry,Windy,3
FR2130-381971,Light,Windy,25
U25734-081897,Dry,Calm,4
EI3844-659360,Dry,Calm,0
U21695-335643,Light,Calm,6
BA8118-364162,Light,Windy,2
U25875-442503,Dry,Calm,8
U28554-358854,Light,Breezy,7
BA0377-116688,Dry,Breezy,2
BA9630-646250,Moderate,Breezy,8
BA1835-290299,Light,Windy,4
BA1483-659899,Light,VeryWindy,3
BA9483-387506,Dry,Breezy,3
EI2322-738957,Dry,Windy,0
EI6528-271754,Light,Breezy,10
BA1445-105786,Light,Calm,5
BA4170-849145,Dry,Windy,5
BA3748-041015,Moderate,Breezy,0
EI6541-904092,Dry,Calm,0
FR5295-512698,Dry,Breezy,20
U21419-664273,Dry,Calm,4
FR7282-610103,Light,Breezy,0
EI2419-549503,Dry,Breezy,3
FR2113-309911,Dry,Calm,0
FR1318-358196,Moderate,Windy,2
FR8234-960920,Dry,Breezy,3
EI0561-693778,Dry,Calm,0
FR4719-127835,Dry,Windy,3
FR3269-339842,Dry,Calm,3
U27832-371656,Light,Calm,10
FR2352-356377,Dry,Breezy,5
FR1929-128577,Dry,Calm,1
U21426-673668,Light,Breezy,3
FR9064-507661,Light,Calm,0
BA2566-921192,Dry,Breezy,9
EI2743-778525,Dry,VeryWindy,36
BA8964-773106,Light,Calm,1
FR3992-636358,Dry,Breezy,2
U28088-639686,Moderate,Calm,1
EI2085-099393,Dry,Windy,0
U24716-256959,Dry,Calm,7
BA5915-671443,Heavy,Calm,0
EI431-592731,Light,Calm,0
U28800-481797,Light,Breezy,45
U23208-065312,Dry,Windy,23
FR2869-706003,Light,Windy,19
EI6945-328658,Dry,Windy,0
FR3544-947255,Dry,Windy,35
BA4715-626275,Dry,VeryWindy,34
U2139-131648,Light,Calm,3
BA2414-285787,Dry,Breezy,1
EI3846-262131,Dry,Breezy,5
BA6254-203945,Dry,Calm,6
BA4043-320003,Heavy,Calm,7
EI8600-519916,Light,Windy,18
EI5272-955248,Light,Breezy,15
FR4909-834818,Light,Breezy,2
EI3249-377777,Light,Breezy,2
BA6534-403542,Dry,Breezy,0
U29366-115478,Light,VeryWindy,41
EI2825-258213,Dry,VeryWindy,2
BA1996-384928,Moderate,Windy,5
U24001-496665,Moderate,Calm,4
U25333-884708,Dry,Windy,4
FR2254-969302,Heavy,Calm,0
FR2936-086181,Moderate,Breezy,23
EI9967-983733,Dry,VeryWindy,1
BA8117-739145,Dry,Windy,12
FR3992-164237,Dry,Calm,0
EI5330-294931,Moderate,Calm,1
U26913-665607,Light,Windy,44
EI8123-062266,Dry,Windy,33
FR2803-473273,Light,Windy,0
EI5143-908860,Dry,Breezy,8
U22057-738224,Light,Calm,20
U23569-012711,Dry,Windy,12
BA2052-445320,Dry,Calm,29
BA7903-704706,Dry,Calm,0
U24944-633435,Light,Windy,3
U25633-538133,Light,Calm,0
U22181-972310,Light,Calm,14
BA4747-691572,Dry,Windy,0
EI1475-879793,Light,Windy,4
EI8370-106492,Moderate,Breezy,4
U27104-677574,Dry,Breezy,6
FR4574-566031,Dry,Calm,4
FR6341-828390,Dry,VeryWindy,6
U24288-406401,Dry,Breezy,4
FR3758-952884,Dry,Breezy,17
U21079-929890,Heavy,Calm,6
U24118-343556,Moderate,Calm,15
BA7314-914745,Light,Calm,9
FR9004-655258,Dry,Calm,1
BA9948-771577,Dry,Breezy,8
U28888-203235,Moderate,Calm,5
FR6170-608436,Dry,Breezy,6
BA8053-943724,Dry,Windy,33
EI3321-604831,Dry,Calm,4
EI3699-872552,Dry,Calm,3
U21731-232818,Dry,Windy,4
FR2354-091402,Dry,Breezy,0
FR1826-458437,Dry,Breezy,4
BA6981-212389,Light,Calm,0
EI9510-605730,Dry,Breezy,0
EI3748-306298,Dry,VeryWindy,0
BA0299-822915,Dry,Breezy,0
BA0323-210499,Moderate,Breezy,0
FR9072-006955,Dry,Windy,54
U25893-809364,Dry,Calm,6
FR8721-136927,Dry,Calm,9
BA6736-022543,Dry,Windy,4
BA7334-549300,Dry,Breezy,9
FR0510-960978,Dry,Breezy,8
EI7613-197072,Dry,Windy,3
EI200-195707,Dry,Calm,6
FR7073-180293,Dry,Breezy,7
BA8990-897433,Heavy,Breezy,1
EI1059-130615,Dry,Breezy,0
FR7308-288378,Dry,Calm,0
U22200-415963,Heavy,Breezy,0
U24838-928480,Moderate,Calm,37
BA8131-851053,Dry,Calm,5
BA6429-178343,Dry,Breezy,0
FR2934-431409,Dry,Calm,3
FR6346-580228,Heavy,Windy,16
EI6242-233513,Heavy,Breezy,6
FR7475-589022,Heavy,Calm,5
FR2630-360064,Dry,Calm,6
EI2536-093159,Heavy,Calm,0
EI3821-964740,Dry,Calm,6
FR5504-093600,Dry,Breezy,3
FR6089-260268,Light,Breezy,8
BA9606-069696,Light,Breezy,0
U29414-420187,Light,Windy,21
FR1618-976793,Light,Calm,5
EI4199-753351,Dry,Breezy,2
EI1846-317658,Moderate,Breezy,2
FR6641-027989,Light,Calm,5
EI9211-274670,Light,Calm,13
FR9178-314009,Moderate,Breezy,25
BA2508-265182,Light,Breezy,3
U24009-159908,Light,Breezy,11
EI9696-252040,Moderate,Breezy,1
FR3561-570959,Dry,Breezy,28
BA7345-890676,Dry,Windy,7
BA4243-187188,Light,Breezy,1
EI5484-133861,Dry,Windy,5
EI1531-537994,Dry,Calm,0
BA5077-159989,Dry,Breezy,3
BA6745-792895,Moderate,Breezy,0
EI6504-055616,Heavy,Calm,8
EI4289-943796,Moderate,Breezy,6
U20276-068620,Moderate,Windy,33
EI4898-177037,Light,Windy,4
EI7475-920778,Light,VeryWindy,0
BA4618-393932,Light,Breezy,4
BA5711-395136,Dry,VeryWindy,2
FR2003-205567,Light,Calm,0
EI7362-148140,Dry,Calm,2
EI1987-265706,Heavy,Breezy,7
EI9268-531119,Dry,Windy,1
U21511-223213,Dry,Breezy,2
BA7390-253211,Light,Calm,10
EI0512-769934,Dry,Calm,0
U25327-891878,Dry,Windy,25
U20415-984924,Dry,Windy,15
FR1703-036988,Dry,Breezy,0
FR5603-591262,Dry,Breezy,6
EI5482-052062,Light,Calm,1
FR1301-841815,Dry,Breezy,1
BA5272-261004,Dry,Breezy,3
EI3425-917692,Dry,Windy,6
U24634-040075,Light,Breezy,0
BA0803-478113,Light,Calm,0
FR3250-775955,Light,Windy,0
FR4452-279901,Moderate,Breezy,30
FR4292-009990,Dry,Breezy,15
U25792-298304,Light,Windy,0
FR4909-890492,Light,Windy,18
EI5728-861582,Dry,Calm,3
EI874-556998,Dry,Calm,1
EI2654-410559,Light,Windy,1
U28448-960927,Light,Windy,9
BA7689-226516,Moderate,Calm,4
EI4954-861999,Dry,Breezy,13
U27460-261599,Dry,Calm,0
FR6600-701302,Light,Calm,1
EI9302-202889,Dry,Breezy,7
U23275-913584,Light,Calm,7
BA1392-821559,Dry,Windy,10
EI6447-883012,Dry,Breezy,0
BA9674-935942,Light,Windy,7
FR9302-457579,Dry,Calm,1
EI5691-757017,Light,Breezy,11
U25576-608972,Light,Calm,0
FR7321-381637,Dry,Breezy,52
EI8996-202216,Dry,Windy,0
BA2525-074506,Moderate,Windy,26
FR2891-440218,Dry,Calm,11
FR1423-009808,Dry,Calm,32
FR5977-770269,Dry,Windy,0
FR2332-644116,Dry,Breezy,6
EI3964-301798,Light,Calm,4
EI9436-882816,Moderate,Breezy,0
U28248-878199,Moderate,Breezy,0
EI0347-085772,Light,Windy,6
EI8865-080462,Dry,VeryWindy,2
U27359-296775,Dry,Windy,10
FR0382-104646,Dry,Breezy,15
EI5139-437516,Dry,Breezy,0
BA6477-972034,Dry,Calm,0
EI2593-308233,Light,Breezy,9
EI3161-285422,Moderate,Windy,3
U24712-968591,Light,Calm,22
BA3101-383449,Dry,Calm,6
EI5854-806382,Dry,Breezy,4
U22012-374628,Light,VeryWindy,10
FR4334-323803,Heavy,Windy,29
BA2136-453168,Dry,VeryWindy,5
BA8318-671689,Dry,VeryWindy,8
BA8981-435782,Dry,Windy,0
U24461-031330,Dry,Breezy,23
FR2267-951803,Dry,Calm,3
U22833-327961,Moderate,Calm,25
BA6856-747269,Dry,Windy,4
FR4172-237950,Dry,Breezy,2
EI1005-110371,Dry,Windy,8
EI8789-727869,Dry,Calm,5
FR2047-929033,Light,Calm,0
FR8708-372057,Dry,Calm,2
FR7987-903314,Light,Breezy,45
BA2817-408156,Dry,Breezy,0
EI8277-331926,Moderate,Windy,38
EI1804-181529,Heavy,Windy,15
U29666-966312,Dry,Breezy,34
U22465-270405,Light,Breezy,4
BA5557-295995,Light,Windy,5
BA3492-541594,Dry,Windy,2
U22596-660115,Moderate,Breezy,8
BA2640-506531,Light,Breezy,43
EI2496-207544,Dry,Breezy,2
U25069-602994,Dry,Breezy,6
U20640-649873,Moderate,Breezy,0
U23453-538339,Dry,Breezy,5
U20036-712771,Dry,Breezy,3
BA1493-448883,Dry,Breezy,4
FR8317-715211,Light,VeryWindy,10
BA1598-239509,Dry,Calm,0
BA8291-436989,Dry,Windy,0
FR1363-920185,Dry,Calm,6
U27333-697751,Light,Calm,4
BA2509-040015,Moderate,Breezy,7
U21829-038305,Moderate,Windy,20
BA1095-259590,Light,Breezy,1
EI9797-537939,Moderate,Breezy,9
FR6585-484679,Light,Calm,4
BA0432-669978,Dry,Windy,5
EI6664-843705,Dry,Breezy,5
FR7565-339485,Light,Windy,4
BA7478-576473,Dry,Windy,0
U20457-374775,Light,Windy,15
BA5120-037556,Light,Breezy,4
EI5320-419849,Dry,Calm,0
FR7389-581967,Dry,Breezy,4
FR9117-131184,Moderate,Breezy,37
FR8863-329112,Dry,Calm,1
U2108-284954,Dry,Breezy,1
EI7144-173887,Dry,Breezy,9
U26465-724507,Moderate,Breezy,3
U20240-592642,Dry,VeryWindy,10
BA9992-003356,Dry,Calm,0
FR8752-159972,Light,VeryWindy,9
U25049-068864,Dry,Breezy,34
BA247-504179,Moderate,Windy,0
BA1012-952162,Dry,Breezy,1
FR7452-509655,Light,Calm,2
EI2114-324222,Light,Windy,1
BA1237-515370,Heavy,Breezy,0
FR1896-628379,Dry,Calm,3
EI7848-873658,Dry,Breezy,8
U27399-722457,Moderate,Calm,9
EI2584-042683,Dry,Calm,22
U21165-086252,Light,Calm,3
BA6672-598764,Light,Calm,3
EI8641-003152,Light,Calm,6
EI2812-644928,Dry,Breezy,31
BA5841-488233,Light,Breezy,19
U28965-415164,Dry,VeryWindy,5
BA5521-278592,Light,Breezy,9
U21219-348892,Dry,Windy,2
BA3254-458534,Dry,Windy,19
BA2337-115645,Dry,Breezy,4
U20840-398574,Light,Breezy,9
EI2218-352401,Light,Breezy,39
EI7599-201301,Light,Calm,2
EI2268-249856,Dry,Calm,0
BA2861-725423,Dry,Windy,3
EI4958-110784,Moderate,Calm,2
EI351-905512,Dry,Breezy,0
U22216-244501,Dry,Windy,4
FR2350-689480,Light,Windy,20
BA1788-465195,Dry,Windy,3
BA2616-288210,Light,Breezy,0
BA2316-523008,Moderate,Calm,0
U26445-902369,Dry,Windy,1
U22261-280624,Moderate,Windy,51
FR995-069595,Light,Breezy,4
FR8588-810196,Moderate,Windy,2
BA0995-366896,Dry,Calm,30
BA3277-637574,Light,Breezy,3
EI1090-289481,Heavy,Windy,24
BA4309-590053,Dry,Windy,0
FR1274-537171,Dry,Breezy,1
U28389-953591,Dry,Calm,37
EI7277-999430,Dry,Breezy,4
BA5844-537929,Dry,Calm,7
BA7620-142308,Dry,Calm,10
EI6442-805553,Dry,Calm,6
U23921-471832,Dry,Windy,30
EI9951-525754,Dry,Breezy,16
FR019-980345,Dry,Breezy,0
U21325-165072,Dry,Windy,1
U22820-071834,Dry,Breezy,3
BA0896-562870,Dry,VeryWindy,31
EI3844-645977,Dry,VeryWindy,0
EI8232-149949,Dry,Calm,4
U21741-326271,Moderate,Calm,32
EI7278-873724,Dry,Breezy,23
U24548-359573,Dry,Calm,23
EI6305-020846,Moderate,Calm,1
BA2524-009593,Heavy,Calm,5
U24922-820865,Moderate,Calm,4
BA3645-931087,Dry,Calm,1
EI8188-745533,Moderate,Calm,7
BA1573-365533,Dry,Calm,8
BA4935-114003,Light,Breezy,3
BA1202-783415,Dry,Breezy,7
FR2337-522550,Light,VeryWindy,29
U26800-215181,Moderate,Windy,29
EI8303-160211,Light,Breezy,4
EI0350-912362,Dry,Breezy,1
BA1627-594803,Light,Breezy,8
U23562-658627,Light,Calm,14
EI8668-161810,Light,Calm,2
BA9930-189936,Dry,Windy,0
U20997-880054,Dry,Windy,3
EI3258-763191,Light,Breezy,0
FR6370-769086,Dry,Windy,0
U26434-404523,Moderate,Windy,40
FR3416-503208,Dry,Breezy,21
BA0102-744773,Light,Breezy,9
U26035-743175,Light,Breezy,21
FR6360-471741,Dry,Windy,0
FR1083-530899,Dry,Breezy,42
BA5154-890345,Dry,Breezy,10
BA7255-627107,Light,Breezy,0
EI7054-215386,Heavy,Breezy,0
U24716-817912,Light,Breezy,0
BA9023-052683,Light,Breezy,4
FR9702-585351,Moderate,Breezy,8
EI3003-220953,Light,Breezy,3
U22906-887759,Dry,Calm,4
BA8790-934453,Moderate,Breezy,0
FR9335-603107,Light,Windy,4
FR8374-986672,Moderate,Windy,7
FR4058-462394,Light,Calm,23
U24421-664330,Light,Calm,42
EI7448-764202,Dry,Breezy,0
FR7381-589023,Dry,Calm,6
U28505-665134,Light,Windy,47
FR6575-464244,Dry,Calm,0
EI5484-124737,Light,Calm,6
BA3323-690680,Heavy,Calm,0
FR4640-109249,Light,Calm,2
EI303-616923,Moderate,Calm,23
EI5788-559593,Dry,Windy,3
U26706-163560,Moderate,Breezy,22
FR1108-175609,Light,Calm,6
FR0570-011309,Heavy,Calm,39
EI4615-434391,Light,Windy,6
BA3488-631584,Dry,Calm,9
U27590-780630,Dry,Windy,4
BA2248-558604,Dry,Breezy,8
FR9016-559481,Dry,Calm,0
BA4075-198411,Dry,Breezy,32
FR2285-350353,Dry,Breezy,6
EI5701-876573,Dry,Windy,5
EI5193-597700,Dry,Calm,8
FR1548-738921,Light,Calm,30
U24192-158368,Light,Windy,0
FR8880-135765,Dry,Calm,19
BA3263-701436,Moderate,Calm,4
EI3483-477593,Dry,Breezy,0
U2785-808329,Dry,Calm,3
FR2104-540606,Dry,Calm,5
U23458-868493,Light,Windy,2
FR8444-710653,Dry,Calm,30
EI7006-717761,Moderate,Windy,4
EI8410-838857,Moderate,Calm,5
EI1683-117419,Dry,Breezy,0
U24684-524183,Light,Breezy,4
BA1395-202164,Dry,Calm,7
BA4341-593650,Dry,Breezy,2
U25685-096276,Dry,Breezy,15
EI9142-173789,Light,Windy,5
FR7781-039857,Light,Breezy,6
FR9896-814166,Heavy,Windy,0
BA1740-156350,Moderate,Breezy,5
FR1736-166954,Heavy,Calm,14
U25008-224316,Light,Calm,26
FR0432-779277,Dry,Calm,0
EI8705-287239,Light,Breezy,26
U26928-273366,Light,Windy,0
BA1810-423962,Moderate,VeryWindy,11
FR7604-764651,Moderate,Calm,1
EI365-148103,Dry,Windy,3
EI544-597648,Heavy,Breezy,0
BA3931-598082,Dry,VeryWindy,2
EI1662-900796,Dry,Breezy,0
U21629-819816,Light,Calm,2
U25296-765953,Dry,Calm,0
FR7469-241537,Dry,Breezy,6
EI9232-153049,Light,Calm,0
U20824-099853,Light,Calm,1
EI1936-352485,Dry,Windy,35
BA3370-632995,Dry,Breezy,4
EI6134-450291,Heavy,Windy,21
U22971-788336,Light,Breezy,0
U21790-917989,Dry,Windy,0
FR6220-037695,Light,Calm,38
EI4101-582069,Dry,Calm,7
BA7913-705663,Dry,Calm,0
BA3610-527849,Dry,Windy,38
FR8121-374642,Dry,Windy,0
BA9875-800823,Dry,Breezy,4
EI5312-976830,Dry,Breezy,2
FR1451-113271,Light,Breezy,2
FR4492-424833,Light,Calm,1
EI5898-360854,Dry,Calm,0
EI0472-573476,Dry,Windy,6
BA2205-497579,Heavy,VeryWindy,12
U22582-975985,Dry,Windy,24
EI2529-329683,Light,Windy,2
EI2019-577154,Dry,Windy,7
EI7795-165002,Dry,Windy,27
U29583-463922,Dry,Breezy,0
FR1034-328890,Dry,Breezy,0
U27702-785679,Dry,VeryWindy,15
FR3128-902271,Dry,Calm,10
U25807-759232,Light,VeryWindy,0
U25835-391385,Dry,Windy,27
FR5227-663930,Light,Windy,8
BA9389-577432,Dry,Windy,2
BA809-047653,Dry,Breezy,1
FR4634-299639,Moderate,Calm,15
FR8517-923139,Dry,Calm,25
U2711-905431,Moderate,Breezy,5
FR3185-087457,Light,Windy,0
U28108-932538,Light,Windy,4
BA8688-484258,Light,Calm,25
BA1013-847514,Heavy,Breezy,0
BA499-110416,Dry,Calm,6
U21928-705367,Dry,Breezy,1
FR0316-500694,Dry,Calm,2
BA6418-649242,Moderate,Breezy,3
BA7205-478209,Light,Calm,5
FR3150-927520,Dry,Calm,47
U23367-406597,Heavy,Calm,6
U25091-013833,Dry,Windy,4
FR5624-237752,Dry,Calm,7
FR8766-820511,Dry,Calm,38
BA7297-764527,Dry,Calm,7
EI9445-080460,Moderate,Calm,5
BA9258-978837,Dry,Calm,7
BA8744-556877,Moderate,Calm,5
FR9477-395727,Dry,Windy,3
BA6177-668163,Dry,Windy,2
EI7614-580931,Dry,Breezy,15
U23307-661210,Moderate,Breezy,4
BA3482-215509,Dry,Breezy,3
EI2843-269931,Moderate,Windy,3
U23999-773685,Dry,Windy,15
FR6244-266655,Moderate,Windy,6
FR7668-841399,Moderate,Breezy,0
EI0933-946684,Dry,Calm,4
U21041-318201,Light,Breezy,6
EI0613-039817,Moderate,Breezy,3
U24835-862384,Dry,Windy,11
FR4803-173946,Moderate,Breezy,32
EI2466-167474,Light,Calm,0
BA520-346416,Dry,Calm,8
FR943-806026,Heavy,Windy,28
EI2209-238272,Heavy,Breezy,2
U23384-784525,Dry,Calm,5
BA4673-272938,Light,Windy,0
EI7322-706082,Dry,Calm,9
BA4954-739431,Light,Calm,0
FR5749-613992,Dry,Breezy,5
BA3960-431953,Light,Breezy,6
EI6693-962960,Dry,Windy,19
U23896-292646,Moderate,Windy,31
BA9738-632023,Dry,Calm,0
U28895-105581,Dry,Breezy,5
BA3122-699784,Dry,Breezy,4
U28634-508473,Dry,Windy,42
EI0331-395896,Dry,Windy,7
BA2105-826481,Light,Calm,5
FR7905-204308,Moderate,Breezy,3
BA2250-121815,Dry,VeryWindy,34
EI3767-818613,Dry,Windy,0
FR7211-086133,Dry,Calm,5
U22165-414929,Dry,Breezy,10
U22271-714915,Dry,Calm,12
U25629-149175,Dry,VeryWindy,0
EI9453-811029,Dry,Windy,5
U29649-707523,Light,Windy,32
FR4685-043078,Moderate,Calm,11
EI940-621879,Dry,Calm,5
EI8637-074545,Light,Breezy,19
BA8308-200511,Dry,Breezy,9
U23288-527291,Dry,Breezy,28
EI2620-496805,Dry,Breezy,0
U27597-647286,Moderate,Windy,35
FR4590-301325,Light,Windy,25
FR6854-052580,Dry,Windy,0
U26977-524448,Light,Breezy,0
FR1034-492773,Dry,Windy,1
BA5533-061376,Dry,Windy,3
BA641-966952,Heavy,Breezy,43
U24171-587452,Light,Breezy,57
EI3123-038677,Moderate,Breezy,0
U22626-990053,Dry,Breezy,7
U20589-515003,Dry,Windy,22
U21156-956050,Dry,Breezy,0
BA1892-688713,Dry,Windy,5
EI0391-644266,Dry,VeryWindy,23
EI4474-102056,Dry,Windy,3
BA8264-045038,Dry,Calm,8
BA7971-482980,Light,Windy,4
EI3444-070195,Dry,Calm,0
U29067-038604,Dry,Windy,2
FR2314-074439,Moderate,Breezy,6
FR1199-008467,Dry,Calm,9
BA6806-275817,Dry,VeryWindy,24
EI8831-257603,Dry,VeryWindy,7
U23656-939889,Dry,Breezy,0
FR4121-676652,Dry,Breezy,31
U22018-026192,Dry,Calm,9
BA4030-439944,Moderate,Breezy,20
EI164-916511,Dry,Windy,22
BA5258-606338,Dry,Breezy,6
BA9255-841212,Dry,Calm,5
FR019-917062,Light,Calm,27
FR7728-061625,Moderate,Calm,37
EI9370-595144,Moderate,Calm,0
U26933-102990,Dry,Breezy,7
U25219-006921,Moderate,Windy,18
U26081-850116,Dry,Windy,5
BA4674-965326,Heavy,Calm,25
BA4423-210393,Dry,Breezy,2
FR5265-407188,Moderate,Calm,4
U23626-269640,Dry,Breezy,0
U26812-590223,Moderate,Breezy,15
U20231-394289,Dry,Windy,35
BA9274-545699,Moderate,Breezy,10
U22935-685192,Dry,Windy,0
EI1606-793451,Dry,Windy,35
U21101-054147,Light,Breezy,1
FR6656-681651,Dry,Breezy,3
BA3519-285177,Light,Windy,1
U27967-169073,Light,Calm,0
EI2826-152761,Dry,Windy,43
EI1844-740217,Dry,VeryWindy,6
BA5172-812227,Light,Calm,4
U20176-415532,Moderate,Windy,15
U21150-245409,Moderate,Calm,0
FR2010-116456,Dry,Calm,5
U25666-594292,Moderate,Calm,0
FR3905-697250,Moderate,Windy,32
EI8275-730321,Light,Breezy,3
FR786-765644,Dry,Windy,26
FR4316-305706,Dry,Breezy,8
U23069-624083,Dry,Calm,0
EI6654-112399,Dry,Breezy,1
U2948-504913,Light,Calm,0
FR1410-384129,Dry,Calm,6
FR1490-012711,Dry,Windy,0
EI7079-376459,Light,VeryWindy,27
BA9102-666730,Dry,Calm,0
EI1613-179712,Moderate,Breezy,9
BA8597-598412,Dry,Calm,4
U26417-531117,Dry,Calm,1
BA4123-135130,Light,Breezy,3
EI4671-030340,Moderate,Breezy,6
BA8786-721714,Dry,Calm,0
BA7157-910292,Dry,Calm,32
U23591-797584,Dry,Windy,3
FR3956-085649,Light,Breezy,4
EI8941-123920,Dry,Breezy,2
FR5526-448862,Dry,Windy,10
U25767-371491,Dry,VeryWindy,12
BA0703-828044,Dry,Breezy,5
U29325-467566,Dry,Calm,9
FR4694-998963,Dry,Breezy,6
FR243-826839,Dry,Breezy,3
BA1826-029346,Light,Breezy,1
U21106-254375,Dry,Breezy,10
BA8682-789564,Moderate,Windy,25
FR7787-508521,Light,Breezy,15
U27042-131945,Heavy,Windy,29
U24473-430146,Light,Breezy,4
BA9888-004270,Light,Windy,2
EI7103-205923,Dry,VeryWindy,0
U25791-579230,Dry,Windy,3
EI8023-565834,Moderate,Calm,10
U20861-830817,Heavy,Breezy,3
EI906-124884,Dry,Breezy,7
U21277-736961,Dry,Calm,6
EI1208-497704,Dry,Calm,2
FR834-806749,Light,Windy,2
FR5474-086765,Dry,Windy,7
U24678-952467,Dry,Calm,0
FR9400-726353,Dry,Breezy,0
BA9455-225982,Dry,Windy,0
EI3027-260155,Moderate,Windy,8
FR4289-892629,Moderate,Calm,19
EI805-319243,Light,Breezy,0
EI2454-290321,Light,Calm,26
EI9868-658177,Dry,Breezy,5
BA8442-442332,Dry,Breezy,0
EI4387-558921,Light,Breezy,0
BA7617-425822,Moderate,Windy,29
FR5612-682987,Dry,Windy,9
U27575-167700,Dry,Windy,5
BA0167-074592,Light,Calm,1
BA5655-411401,Dry,Breezy,4
BA1556-865592,Dry,Calm,42
EI4010-533371,Dry,Windy,1
FR4957-736355,Light,Calm,1
FR9264-327811,Dry,Calm,0
FR9001-151936,Light,Windy,2
EI5267-243334,Moderate,Windy,0
U27079-283430,Light,Breezy,5
EI3235-666964,Dry,Breezy,3
BA2663-339627,Light,Calm,8
FR4443-322058,Light,VeryWindy,3
U28144-334104,Light,Windy,7
U2777-440787,Light,Breezy,5
BA3288-905993,Dry,VeryWindy,3
FR7549-947420,Light,Calm,2
U20376-528171,Dry,Breezy,1
BA3338-601953,Dry,Calm,8
U22133-879726,Dry,Calm,4
EI1388-351963,Light,Breezy,8
BA917-672809,Dry,Breezy,6
BA8805-883599,Light,Breezy,17
BA6499-203085,Dry,Windy,1
EI3260-227448,Moderate,Windy,3
FR6184-426115,Dry,Breezy,2
U2349-156151,Light,Breezy,24
BA1919-649392,Dry,Windy,8
BA2560-436783,Light,Breezy,0
FR1670-873272,Light,Calm,21
FR3090-999921,Moderate,Breezy,6
U25669-993664,Dry,Breezy,1
U25890-206893,Dry,Calm,4
U21369-681224,Dry,Calm,7
EI4122-972823,Light,Calm,0
EI5053-639217,Dry,Breezy,0
BA7756-217359,Light,Calm,9
BA9441-669650,Dry,VeryWindy,9
EI1930-742278,Dry,Windy,0
EI0361-544884,Dry,Windy,0
FR9620-894078,Moderate,Windy,34
EI4183-875474,Heavy,Breezy,4
BA109-800836,Dry,Breezy,0
BA5197-683418,Moderate,Calm,2
BA4600-311904,Light,Breezy,0
BA0679-405375,Light,Windy,7
FR0801-319960,Light,Breezy,43
EI3842-795879,Dry,VeryWindy,2
BA1486-730836,Moderate,Calm,0
FR4087-466056,Dry,Breezy,8
EI7728-093151,Heavy,Breezy,2
BA3745-263136,Dry,Breezy,20
U23355-967766,Light,Calm,0
EI2595-656605,Dry,Calm,5
FR8225-567904,Dry,Windy,1
FR2915-258328,Dry,Breezy,10
EI6363-732729,Dry,Windy,0
FR2500-283959,Light,Calm,0
BA2352-606200,Moderate,Calm,3
BA0786-912394,Light,Breezy,1
U23805-277802,Light,Windy,6
FR4921-495832,Light,Breezy,0
EI6556-054531,Dry,Windy,3
BA4832-998153,Dry,Calm,4
FR9433-375741,Dry,Calm,9
EI1551-636844,Dry,Breezy,5
BA9442-848486,Light,Windy,1
FR1901-697635,Light,Breezy,23
BA1730-766810,Dry,Calm,0
EI1394-783835,Dry,Calm,6
U27132-103291,Dry,Breezy,0
BA4228-669172,Dry,Calm,8
FR5305-834330,Heavy,Calm,0
FR3166-277114,Dry,VeryWindy,7
FR2322-057135,Dry,Breezy,2
U24031-183708,Light,Breezy,39
FR8702-240184,Dry,VeryWindy,45
FR1449-031346,Light,Breezy,31
U23706-657698,Dry,Breezy,4
BA3216-107326,Moderate,VeryWindy,2
EI9318-590862,Dry,Breezy,0
FR2153-664568,Dry,Calm,35
U28203-374651,Dry,Calm,5
U21701-260514,Light,Calm,25
BA7688-873601,Light,Calm,0
EI2390-173652,Dry,Windy,8
U26140-503026,Dry,Windy,13
U22223-875948,Dry,Calm,3
FR3275-373046,Light,Windy,8
FR5260-690880,Dry,Calm,5
EI6746-082707,Heavy,Calm,5
BA9180-427497,Dry,Breezy,5
U20571-522763,Moderate,Breezy,4
U25278-863119,Dry,Breezy,13
BA5871-283179,Moderate,Breezy,7
U27106-172531,Dry,Windy,0
U23637-765056,Moderate,Windy,0
FR0334-253548,Dry,Breezy,7
U26902-607338,Moderate,Breezy,0
EI9504-373480,Light,Breezy,3
FR6965-135294,Dry,Calm,30
EI8926-292734,Moderate,Calm,7
U25778-806902,Dry,Windy,3
FR5706-650221,Dry,VeryWindy,3
BA6010-222429,Heavy,Breezy,0
FR1641-667883,Light,Breezy,5
EI822-413423,Light,Breezy,0
EI8396-620909,Dry,Calm,3
U27038-852836,Dry,Calm,5
FR6662-386154,Moderate,Calm,8
FR2650-850261,Dry,Calm,0
FR4737-430514,Dry,Windy,25
BA4473-476924,Moderate,Windy,5
FR442-558457,Dry,Windy,25
EI624-442574,Moderate,Calm,21
EI7748-574556,Light,VeryWindy,3
U25036-896205,Dry,Breezy,3
BA5788-597874,Dry,VeryWindy,26
EI5671-700032,Light,Calm,7
EI7579-383707,Dry,Breezy,1
FR2105-629379,Dry,Breezy,0
FR4275-548045,Light,Breezy,2
EI0648-403799,Moderate,Calm,6
BA7196-250498,Moderate,Breezy,4
EI2729-085717,Light,Windy,9
EI7203-542001,Dry,Windy,36
U22321-098473,Dry,Windy,0
BA882-471698,Dry,Windy,0
EI8337-229431,Dry,Breezy,3
EI131-384599,Dry,Breezy,1
FR1657-264971,Dry,Calm,1
EI1067-271854,Light,Windy,0
U23793-197160,Light,Windy,29
FR8476-030681,Dry,Windy,0
EI3777-852470,Dry,Breezy,1
EI2153-359517,Light,Calm,0
EI2049-874111,Moderate,Calm,29
BA4702-100710,Dry,Breezy,6
FR2396-717666,Light,Calm,2
EI6198-780009,Light,VeryWindy,0
FR2561-835886,Dry,Breezy,3
BA8277-556193,Dry,Calm,10
U28166-390168,Dry,Calm,3
U22750-313614,Dry,VeryWindy,28
U2936-570487,Moderate,Calm,1
U20879-909899,Dry,Breezy,0
EI4663-571389,Dry,Breezy,5
U2931-067282,Dry,Windy,6
EI3108-886654,Light,Windy,6
U26067-971120,Dry,Windy,28
BA9278-097532,Dry,Calm,10
U28974-997735,Dry,Breezy,0
FR4044-186418,Dry,Calm,0
EI1926-263162,Light,Breezy,1
EI6044-799396,Light,Windy,9
BA9464-737785,Light,VeryWindy,1
FR1959-779886,Dry,Calm,2
FR8177-499987,Heavy,Breezy,15
U28751-398021,Light,Breezy,8
BA8740-676694,Heavy,VeryWindy,6
EI8866-993729,Dry,Windy,0
BA8370-116800,Light,Breezy,0
BA9088-115632,Dry,Calm,0
EI9956-596766,Dry,Windy,25
BA4180-661194,Dry,Calm,0
U26717-868221,Dry,VeryWindy,1
BA9024-304041,Light,Breezy,2
FR5097-802104,Dry,Windy,0
EI3350-262767,Moderate,Calm,1
EI9352-086920,Dry,Windy,0
U2909-962493,Dry,Breezy,1
BA1342-041122,Dry,Windy,13
U20401-484944,Dry,Windy,7
EI8320-423124,Moderate,Breezy,22
FR1939-901126,Light,Windy,0
U29850-367755,Dry,Breezy,9
U27434-656650,Dry,Calm,3
FR3146-981224,Dry,Windy,1
EI2460-419429,Light,Calm,13
U25871-320177,Light,Breezy,3
EI2329-162403,Dry,Calm,8
U21202-984556,Dry,Breezy,1
EI5814-531752,Dry,VeryWindy,2
FR7296-457019,Moderate,Windy,45
BA7017-409826,Dry,Calm,7
BA1721-415707,Dry,Breezy,8
BA4316-734850,Dry,VeryWindy,7
U22941-028691,Moderate,Breezy,0
BA4096-711744,Dry,Calm,0
BA7576-405070,Moderate,VeryWindy,0
EI3986-876481,Dry,Windy,19
U21291-022392,Dry,Calm,0
BA7081-254726,Dry,Breezy,6
U25691-908586,Light,Calm,5
EI7429-295614,Dry,Windy,0
U27836-573184,Dry,Windy,20
U29768-122503,Dry,Windy,34
EI2028-736440,Moderate,Calm,16
FR7508-606282,Light,Calm,6
FR8362-671461,Dry,Windy,3
U28149-355691,Light,Windy,21
U24989-093203,Dry,Breezy,6
EI9561-691070,Dry,Calm,0
U28018-039425,Dry,Windy,0
BA6491-617528,Dry,Calm,7
BA9744-627728,Dry,Windy,9
U26553-929944,Light,Windy,15
EI2476-435951,Dry,Calm,0
FR5129-605172,Dry,Calm,2
BA8335-486284,Dry,Breezy,3
U24255-554470,Dry,Breezy,1
FR8080-518243,Dry,Windy,28
U25284-201252,Dry,Breezy,27
U24398-728166,Light,Breezy,2
EI6241-521247,Moderate,Calm,10
U26255-499442,Dry,Windy,17
FR6993-566634,Dry,Windy,7
U23328-615783,Light,Windy,25
EI3807-768776,Light,Calm,9
FR4705-311949,Light,Windy,48
FR4398-808592,Moderate,VeryWindy,15
U26585-033138,Light,VeryWindy,28
BA3683-322399,Dry,Breezy,4
BA6165-119428,Dry,Breezy,2
BA4010-329908,Light,Calm,14
U24290-160970,Dry,Windy,0
FR6529-068014,Heavy,Windy,38
FR7503-436386,Light,VeryWindy,0
FR1870-835777,Dry,Calm,6
U22094-654674,Moderate,Breezy,3
FR8470-987899,Dry,Breezy,0
FR5422-891262,Light,Calm,2
BA9125-445879,Heavy,Breezy,3
BA5192-997015,Dry,Windy,5
BA3629-988755,Light,Calm,4
BA5207-649685,Dry,Breezy,3
BA521-791711,Light,Breezy,3
FR1440-380509,Light,VeryWindy,23
U26210-764040,Moderate,Windy,4
FR4688-496413,Dry,Calm,7
U22553-484152,Dry,Windy,4
BA6562-507814,Dry,Calm,6
FR4445-611465,Dry,Calm,26
EI9145-864364,Moderate,Calm,22
BA7902-886398,Light,Calm,4
FR8991-728516,Dry,Windy,0
FR2902-607032,Dry,Windy,5
BA3413-377734,Dry,Breezy,3
BA2863-549285,Dry,Windy,8
FR6374-179587,Moderate,Calm,2
U28566-126904,Light,Breezy,1
BA1045-078199,Dry,Windy,19
EI1175-495276,Dry,Breezy,9
U25220-178370,Light,Breezy,1
BA9600-887040,Light,Breezy,1
EI634-318662,Dry,Calm,0
FR8795-221685,Dry,Breezy,6
BA0075-687694,Moderate,Breezy,7
BA3944-343767,Dry,Breezy,12
U29134-426295,Dry,Calm,1
U28672-571540,Moderate,Breezy,5
U21025-144412,Dry,Breezy,0
BA8006-844009,Dry,VeryWindy,36
BA1380-264467,Dry,Breezy,3
U21883-149672,Moderate,Breezy,8
FR9801-467329,Light,Breezy,8
FR7293-826196,Moderate,Calm,2
FR3302-777891,Light,Windy,4
U22013-941371,Dry,Calm,3
BA9158-437276,Moderate,Breezy,5
FR8784-035995,Dry,Windy,35
U26203-653978,Moderate,Breezy,3
U29437-427188,Moderate,Breezy,0
FR5919-680812,Light,Calm,41
U21591-565463,Dry,Breezy,37
U21710-042216,Dry,Breezy,0
EI5421-075166,Dry,Breezy,4
FR5304-229624,Dry,Calm,2
FR8746-206641,Dry,Windy,4
FR8217-808436,Light,Breezy,0
FR4623-481752,Heavy,Breezy,35
U22876-686564,Light,VeryWindy,29
BA6065-228479,Dry,Windy,1
EI5686-047381,Dry,Calm,22
EI8976-152375,Dry,Breezy,13
U23678-166670,Light,Windy,0
U26639-696552,Moderate,Breezy,9
U23974-610019,Light,Breezy,0
U2229-110878,Dry,VeryWindy,29
BA4288-558175,Moderate,Calm,1
FR4302-613982,Light,Windy,8
U24949-365960,Dry,Breezy,0
BA4889-634936,Dry,Calm,13
U23986-585207,Moderate,Breezy,2
EI7058-267700,Dry,Windy,2
EI1052-280077,Dry,Calm,4
U21392-223292,Dry,Breezy,11
BA9396-090805,Dry,Windy,8
U21511-059220,Light,Breezy,0
BA5015-269718,Dry,Windy,8
BA1335-555364,Dry,Calm,4
BA2924-356105,Light,Breezy,2
BA4229-972910,Light,Breezy,25
BA0271-789272,Light,Breezy,6
BA4494-540347,Dry,VeryWindy,10
U21467-913431,Dry,Calm,6
BA0182-759168,Light,Calm,0
EI4019-603089,Dry,Calm,1
U25552-201115,Dry,Breezy,8
BA1332-450951,Dry,Breezy,1
U25180-233810,Light,Calm,28
BA6360-289750,Dry,VeryWindy,7
EI7814-325593,Light,Windy,10
EI3764-906834,Dry,Breezy,28
U25298-482855,Light,Windy,40
EI7764-620775,Dry,Breezy,2
BA6299-179979,Dry,Calm,3
BA7778-428322,Moderate,Breezy,1
BA6993-148411,Dry,Windy,2
BA9778-570445,Light,Calm,3
EI5920-834659,Dry,Breezy,4
FR8758-094260,Dry,Breezy,3
EI461-373459,Dry,Windy,9
EI4948-230899,Light,Windy,3
EI7213-118175,Dry,Calm,1
EI6374-582347,Dry,Calm,8
FR6956-157070,Light,Windy,35
BA4467-238802,Dry,Breezy,0
U27393-644334,Dry,Breezy,2
EI6618-668452,Dry,Windy,2
U20105-727186,Moderate,Breezy,7
FR7470-606115,Dry,Calm,0
FR0195-803125,Light,Breezy,11
EI4845-476912,Dry,Calm,4
FR3237-376977,Dry,Windy,3
U25493-672519,Light,Windy,5
EI5326-390347,Dry,Calm,3
EI8761-148953,Light,Breezy,8
EI3039-118162,Light,Windy,4
EI5371-489962,Dry,Windy,7
EI3007-535105,Moderate,Breezy,8
BA6688-915537,Dry,Calm,5
BA5670-746596,Dry,VeryWindy,11
U28058-504338,Heavy,Windy,0
U23052-322711,Dry,Windy,20
FR4247-454945,Moderate,Calm,26
BA5720-926373,Dry,Windy,2
FR3087-024549,Light,VeryWindy,26
EI7729-780075,Dry,Breezy,0
U24650-395061,Moderate,Calm,0
U28534-108708,Dry,Breezy,0
EI1087-292108,Dry,Calm,1
EI8895-108733,Dry,Breezy,8
FR1121-105896,Moderate,Breezy,5
U22389-972644,Dry,Breezy,34
BA727-428492,Light,Windy,0
EI0918-941618,Dry,Calm,9
BA4638-645502,Dry,Breezy,23
BA3228-245934,Light,Calm,8
FR8378-043416,Light,Calm,7
U25340-075907,Dry,Calm,4
EI1681-721031,Heavy,Breezy,24
U2786-766930,Dry,Calm,9
U28090-691576,Light,VeryWindy,41
U28336-905057,Dry,Windy,12
BA1938-883709,Moderate,Windy,23
FR4552-322407,Dry,Calm,0
U22712-303152,Dry,Breezy,7
FR6998-906571,Dry,Breezy,18
FR1047-436740,Light,VeryWindy,15
BA6080-007871,Light,Calm,6
U22575-778519,Dry,Breezy,24
FR6653-705002,Dry,Calm,1
EI4600-261841,Moderate,Breezy,9
FR6231-452620,Dry,Calm,4
U29483-904750,Dry,Calm,2
BA1355-230317,Moderate,Windy,9
BA8980-503247,Light,Calm,2
FR095-810316,Dry,Breezy,11
EI3661-336572,Dry,Breezy,0
EI4814-854937,Dry,Breezy,0
U25815-336682,Dry,Windy,40
FR8734-345534,Dry,Calm,0
BA1190-326872,Light,Windy,11
FR6611-956245,Moderate,Calm,3
EI6053-301217,Dry,Breezy,3
U28256-417680,Dry,Windy,0
BA5645-082282,Dry,Breezy,8
U23895-892241,Heavy,Breezy,15
U21578-185153,Dry,Breezy,43
U29396-801015,Heavy,Windy,38
FR9165-062910,Light,Breezy,1
EI9614-132421,Dry,Calm,2
U25240-256820,Heavy,Breezy,40
FR057-140169,Dry,VeryWindy,2
FR8413-941854,Moderate,Calm,37
BA5805-294677,Light,Calm,6
BA1195-740310,Dry,Breezy,0
U25445-287564,Dry,Breezy,5
U2617-732285,Dry,Calm,1
FR5422-896952,Dry,VeryWindy,0
EI6021-116329,Light,Breezy,0
BA6839-700599,Light,Calm,21
FR2168-645147,Light,Calm,0
BA8667-859381,Dry,VeryWindy,0
BA7372-681969,Dry,Breezy,4
U26461-991690,Dry,Windy,21
BA2166-427438,Dry,Breezy,0
EI1923-219267,Dry,Breezy,0
EI9652-083359,Light,Calm,6
EI723-319258,Heavy,Breezy,2
BA9926-133995,Dry,Breezy,3
EI0642-875379,Dry,Windy,4
U22553-904901,Dry,Windy,0
EI2038-171592,Light,Breezy,0
EI5676-764418,Dry,Windy,4
EI7013-267963,Moderate,Windy,7
U26812-301296,Dry,Windy,2
EI8024-138734,Light,Breezy,24
EI7902-299228,Dry,Breezy,1
U24720-725292,Dry,VeryWindy,35
U2056-581677,Dry,Breezy,9
FR3912-310956,Light,Breezy,17
U2314-415435,Dry,Breezy,9
BA8171-496079,Moderate,VeryWindy,31
EI6492-194759,Light,Breezy,3
U27134-501029,Dry,Breezy,2
EI0519-334729,Light,VeryWindy,34
BA4118-592472,Dry,Windy,0
FR9021-243812,Moderate,Windy,24
EI8151-807932,Light,Breezy,1
EI4593-978603,Dry,Breezy,15
U22063-252802,Dry,Breezy,11
BA2418-608389,Light,Breezy,1
EI171-379844,Dry,VeryWindy,3
U21481-804460,Dry,Windy,4
FR8625-797326,Dry,Calm,1
FR5282-272296,Dry,Breezy,17
EI9890-282836,Dry,Calm,20
FR4564-373739,Dry,Windy,1
EI4041-572067,Moderate,Windy,38
BA8890-877480,Dry,Windy,1
EI2935-473252,Dry,Breezy,39
FR2282-513896,Dry,Calm,10
EI6111-150651,Light,Windy,0
BA5898-223681,Heavy,Calm,4
FR2849-869277,Dry,Calm,2
FR0269-047410,Dry,Breezy,4
EI5076-411064,Light,Calm,6
BA5195-366023,Moderate,Calm,42
U20275-262472,Moderate,Breezy,0
FR9741-930091,Light,Calm,4
EI8639-720191,Dry,Breezy,2
FR6415-726769,Light,Calm,35
U24543-466810,Light,Breezy,16
FR2434-027260,Light,Breezy,3
U26165-879197,Dry,Calm,6
BA9185-947744,Moderate,Breezy,0
FR2333-030511,Dry,Calm,2
BA8581-064782,Moderate,Breezy,0
BA1593-570086,Dry,VeryWindy,9
U20175-928224,Moderate,Breezy,15
EI5553-673119,Moderate,VeryWindy,38
FR2322-373408,Dry,Breezy,3
FR9735-042673,Light,Windy,0
BA6393-435552,Moderate,Windy,21
FR5413-296449,Light,Windy,30
BA459-745222,Moderate,Breezy,11
BA1973-946396,Dry,Windy,8
FR7082-069066,Dry,Breezy,38
U23989-449155,Dry,Windy,22
FR6793-227371,Dry,Calm,1
U27553-860584,Dry,Breezy,2
EI1538-556979,Dry,Calm,2
U28853-981984,Dry,Breezy,6
EI9980-653411,Light,Breezy,3
FR9934-083764,Dry,VeryWindy,6
BA0704-526872,Dry,Breezy,7
BA5648-703099,Dry,Calm,1
BA1150-359783,Light,Breezy,0
U25976-397041,Light,Windy,2
EI2881-648972,Dry,Breezy,2
U23413-650612,Heavy,VeryWindy,35
EI6503-911574,Dry,Windy,21
EI9723-984565,Moderate,Breezy,0
FR2073-333422,Dry,Calm,8
BA6834-336260,Dry,Breezy,5
U26808-242378,Dry,Breezy,4
EI502-729818,Dry,Breezy,5
BA1243-098593,Dry,Breezy,6
FR4792-303996,Dry,Calm,4
BA1072-172188,Moderate,Calm,0
BA3364-908210,Dry,Breezy,6
U29511-513766,Heavy,Breezy,0
FR4782-540333,Light,Breezy,41
BA7108-035447,Dry,Breezy,0
EI6534-585853,Dry,Breezy,6
U27480-727896,Dry,VeryWindy,4
BA5565-948936,Light,Breezy,4
EI8686-147085,Dry,VeryWindy,9
BA6043-176763,Light,Breezy,4
U27716-560163,Moderate,Calm,6
FR9452-302212,Heavy,VeryWindy,28
U22628-769533,Dry,Calm,8
BA7319-782620,Moderate,Breezy,4
EI7021-963832,Dry,Breezy,2
BA3615-657867,Dry,Breezy,0
FR7120-478574,Light,Windy,2
BA2064-594284,Dry,Breezy,4
BA3834-748840,Dry,Calm,0
FR2658-796345,Dry,Calm,3
EI9178-368716,Dry,Windy,4
BA5173-201019,Light,Breezy,23
BA6144-305623,Dry,Calm,27
FR5591-468180,Light,VeryWindy,15
FR5706-482993,Dry,Breezy,5
BA698-302085,Light,Breezy,1
BA8891-803493,Moderate,Windy,4
FR5309-827592,Light,Calm,2
U28988-902876,Dry,Calm,0
EI9022-774396,Dry,Calm,31
EI755-651768,Dry,Breezy,7
BA7067-362659,Dry,Calm,5
EI8111-172419,Dry,Calm,1
U27844-579428,Dry,Calm,7
EI1679-935918,Dry,Windy,5
EI0834-826398,Dry,Breezy,4
BA9862-746651,Dry,Windy,4
U26273-113615,Light,Breezy,0
FR4822-622286,Dry,Windy,0
EI7787-108663,Moderate,Calm,2
FR2527-596124,Light,Calm,21
U27623-459994,Dry,Breezy,2
EI9782-627598,Dry,Breezy,35
FR1145-167256,Light,Breezy,4
U21437-744153,Moderate,Calm,4
FR244-863653,Dry,Windy,2
BA1242-262536,Light,VeryWindy,1
EI6321-880408,Light,Calm,0
U26369-843691,Dry,VeryWindy,32
EI4824-436749,Light,Calm,38
FR1639-723402,Dry,Windy,14
EI7507-382371,Light,VeryWindy,5
BA2542-356881,Light,Calm,4
EI7661-078018,Light,Breezy,4
EI1103-716378,Dry,Breezy,5
BA9391-582945,Dry,Calm,6
U21769-637656,Dry,Calm,0
BA6752-753948,Moderate,Windy,40
BA4510-690068,Light,Windy,0
U26277-718109,Light,Calm,2
U28273-573863,Dry,Breezy,3
BA4452-732923,Light,Windy,0
FR3535-141002,Dry,Calm,0
BA6544-330649,Dry,Breezy,0
FR9350-031818,Dry,Breezy,2
U29931-682520,Light,Windy,8
BA0173-942773,Dry,Windy,0
BA6670-633199,Light,Breezy,47
U28495-501273,Moderate,Calm,0
BA5873-590235,Dry,Windy,2
FR2488-465843,Dry,Windy,15
U24839-023533,Dry,VeryWindy,4
FR6515-514847,Dry,Breezy,7
FR5004-287533,Light,Breezy,0
BA8540-331654,Heavy,Breezy,15
U25743-431342,Light,Calm,5
EI0980-099068,Light,Breezy,2
FR0828-664493,Dry,Windy,26
EI3724-320268,Dry,Breezy,8
U27245-492328,Heavy,Windy,0
FR0840-656422,Moderate,Windy,29
BA4147-787965,Dry,Calm,1
EI8394-494094,Dry,Calm,0
FR1538-082683,Dry,Calm,30
BA3518-662998,Moderate,Calm,3
EI3877-400816,Moderate,Breezy,6
BA0615-435330,Dry,Breezy,8
U28551-105047,Dry,VeryWindy,1
U21520-509276,Moderate,Calm,2
U23068-147893,Light,Calm,6
FR6156-329734,Dry,Breezy,27
FR6896-502226,Dry,Breezy,1
U24172-618781,Light,Calm,36
EI3420-143147,Light,Breezy,10
U25073-045025,Moderate,Breezy,24
FR7238-947847,Light,Calm,6
U25943-361061,Dry,Windy,0
U23990-996868,Dry,Breezy,3
U25093-253216,Light,VeryWindy,0
BA5592-566574,Dry,Windy,0
FR2421-811514,Heavy,Calm,5
EI789-553203,Light,Windy,2
FR4577-126541,Light,Calm,5
EI9514-902166,Dry,Breezy,0
EI2984-746293,Moderate,Breezy,10
EI7667-213029,Dry,Breezy,8
U23543-371277,Dry,Windy,11
EI6851-337898,Moderate,Breezy,36
EI6681-297676,Dry,Breezy,0
EI7827-967486,Dry,Calm,6
U29832-531661,Dry,Breezy,11
FR4902-296541,Light,Calm,8
EI8765-513112,Moderate,VeryWindy,1
U23895-319983,Dry,Calm,30
BA097-972093,Dry,Calm,0
U21712-096873,Moderate,Calm,8
BA2791-740209,Dry,Breezy,4
U23620-758689,Dry,Breezy,6
FR2618-177445,Dry,Windy,42
BA0090-566148,Dry,Calm,6
FR2850-493975,Moderate,Calm,9
BA0825-465462,Dry,Windy,32
FR1909-861254,Dry,Calm,0
BA7091-688764,Dry,Windy,6
BA2611-626216,Moderate,Breezy,2
FR4913-479711,Light,Windy,0
EI2061-589415,Moderate,Windy,9
U27786-759524,Moderate,Calm,0
U24354-305214,Dry,Calm,5
U23858-246196,Light,Calm,2
U29068-298952,Dry,Calm,0
FR5497-018297,Light,Calm,21
FR6093-536476,Light,Windy,5
BA0581-429192,Light,Windy,36
BA2057-873934,Light,Breezy,2
EI3777-331185,Dry,Breezy,0
BA5287-268895,Dry,Calm,1
BA5435-574092,Dry,Breezy,3
BA6323-221635,Dry,Calm,10
BA7578-670592,Heavy,VeryWindy,1
EI6547-492179,Dry,VeryWindy,3
BA7382-522179,Heavy,Breezy,25
EI4233-602708,Moderate,Breezy,6
EI1684-747073,Light,Windy,36
BA2779-494338,Dry,Breezy,7
BA5248-694244,Dry,Windy,3
EI8402-322953,Light,Calm,2
EI2336-916370,Moderate,Calm,3
U21360-290898,Dry,Calm,15
U27286-669451,Dry,Windy,0
EI5130-045442,Dry,Calm,7
FR3189-862544,Heavy,Windy,27
BA2563-694481,Dry,Breezy,24
EI1496-635756,Dry,Breezy,7
EI0949-969834,Light,Windy,7
FR0584-327773,Moderate,Calm,0
FR8437-268086,Heavy,Breezy,4
U25721-668833,Dry,Breezy,0
EI6514-018044,Heavy,Calm,4
EI5145-297971,Dry,Calm,10
FR5935-201943,Dry,VeryWindy,1
FR6762-623589,Light,Calm,9
U29025-267657,Moderate,Calm,1
FR9021-464621,Light,Breezy,2
FR9098-180508,Dry,Windy,36
U22134-103422,Light,Breezy,35
FR2966-371801,Dry,Calm,39
EI5830-102421,Dry,Calm,0
FR582-271889,Dry,VeryWindy,15
EI7449-675282,Light,Breezy,7
BA4939-960389,Dry,Calm,0
EI4430-969357,Dry,Breezy,2
U22637-722594,Dry,Breezy,2
U22716-907607,Light,Windy,20
FR3334-857928,Dry,Calm,9
BA5168-268989,Light,Windy,7
BA2764-290349,Moderate,Calm,10
U28646-465385,Dry,Breezy,1
BA0670-669581,Light,Calm,0
EI2273-101695,Moderate,Breezy,0
EI6722-653211,Dry,Breezy,3
BA7657-662554,Light,Calm,2
EI6227-224340,Heavy,Breezy,3
BA0527-199574,Dry,VeryWindy,0
BA1594-194499,Light,Breezy,0
U21901-548340,Light,Calm,36
EI6978-425791,Dry,Breezy,6
FR4158-370121,Heavy,Breezy,29
EI3101-880052,Light,VeryWindy,30
EI6054-114227,Dry,Calm,10
BA2240-977136,Light,Calm,0
U27859-536011,Moderate,Windy,6
FR6567-966600,Light,VeryWindy,3
EI9276-878390,Light,Calm,2
BA6883-173790,Light,Calm,6
U28112-118888,Light,Breezy,11
U27305-726547,Dry,Breezy,8
U28819-560565,Dry,Calm,0
BA6077-369096,Light,VeryWindy,1
U20554-293643,Light,Breezy,8
BA6512-247398,Light,Calm,6
EI7083-146422,Light,Calm,39
BA4225-131626,Dry,Calm,5
EI7877-110071,Light,Calm,7
U28672-915700,Dry,Breezy,5
EI1285-336827,Dry,Breezy,6
EI8184-597125,Moderate,Breezy,10
U24011-636554,Dry,Breezy,3
U28645-596595,Dry,Calm,3
BA8731-441324,Dry,Breezy,9
BA1626-054837,Light,Breezy,5
EI1854-959603,Dry,Calm,5
BA2746-700354,Dry,Breezy,4
FR6880-621315,Dry,VeryWindy,34
U20376-912561,Moderate,Windy,5
U28737-826651,Dry,Breezy,34
FR9509-941472,Dry,Breezy,0
FR2557-575666,Dry,Breezy,7
U28853-767280,Dry,Windy,6
EI9830-873260,Dry,VeryWindy,7
U28456-625176,Dry,Windy,1
U25269-315931,Light,Breezy,16
FR6305-915388,Moderate,Windy,0
BA6258-356344,Moderate,Calm,28
FR6959-089099,Dry,Breezy,6
EI2664-384417,Dry,VeryWindy,4
BA3600-771585,Moderate,Windy,30
BA9451-555481,Light,Calm,4
FR7277-085255,Dry,Breezy,1
U24375-547570,Light,Breezy,2
EI7542-952269,Light,Breezy,5
EI7563-764387,Light,Calm,2
BA4773-144177,Dry,Calm,0
U2528-394178,Dry,Windy,35
FR4626-747166,Moderate,Windy,34
FR9679-114745,Light,Calm,0
U28156-713703,Light,Breezy,12
U29439-270718,Heavy,Breezy,20
FR0708-818596,Light,Calm,3
EI5840-846274,Dry,Calm,0
BA6265-600249,Dry,Calm,0
FR5335-912683,Dry,Breezy,0
EI6122-094150,Dry,Calm,6
FR4797-279595,Dry,Breezy,6
FR7323-305838,Dry,Breezy,3
U24079-630823,Light,Windy,2
FR0170-494835,Dry,Calm,0
FR9591-266882,Dry,Windy,20
FR8342-433361,Dry,Calm,2
U25245-981520,Dry,Breezy,7
U25760-957295,Dry,Windy,0
BA1930-082650,Moderate,Calm,0
U28866-389591,Light,Calm,3
EI2811-037809,Dry,Calm,3
U25587-527102,Dry,Calm,14
EI1963-961018,Light,Windy,3
FR5648-231757,Dry,Windy,1
U24104-742317,Dry,Breezy,1
EI7426-125797,Light,Breezy,10
FR8178-406298,Moderate,Breezy,4
FR5039-283472,Light,Breezy,2
BA8626-687671,Light,Windy,2
U25848-018443,Dry,Windy,0
BA4933-794650,Dry,Breezy,5
EI3242-196378,Dry,Breezy,3
FR2043-408001,Light,Breezy,5
U22000-495151,Dry,Windy,0
FR9275-747557,Dry,VeryWindy,14
EI2993-508109,Dry,Breezy,5
EI975-223861,Light,Windy,10
EI9020-708416,Dry,Calm,4
U24829-997956,Dry,Windy,4
FR4685-321978,Light,Breezy,0
EI8639-095380,Light,Breezy,3
BA1276-240195,Moderate,Windy,12
U25928-962005,Light,Breezy,3
FR4088-501174,Dry,Calm,5
BA7091-221758,Dry,Breezy,7
FR8718-217093,Dry,Windy,0
FR4409-048266,Dry,Breezy,4
BA8172-491623,Moderate,Breezy,4
U24747-463508,Light,Calm,21
FR6876-409711,Light,Windy,1
U25249-244447,Light,Breezy,11
U22799-666993,Light,Calm,2
FR5704-592631,Dry,Breezy,10
FR9332-986158,Dry,Windy,0
FR2506-372206,Dry,Breezy,28
U29858-971989,Dry,Calm,4
U25293-593088,Dry,Breezy,9
BA8187-389394,Dry,VeryWindy,30
EI7648-237109,Dry,Breezy,0
BA9051-896516,Heavy,Calm,26
BA338-690747,Moderate,Calm,7
EI9848-661778,Light,Breezy,4
U24603-184192,Dry,Windy,3
EI4190-259139,Light,Calm,0
EI5081-856060,Dry,Breezy,2
U24686-562891,Dry,Calm,5
U28249-722368,Dry,Breezy,4
FR2074-937879,Light,Windy,43
U25987-324565,Moderate,Calm,4
BA5042-033882,Dry,Breezy,2
FR1974-449457,Dry,Breezy,0
FR3440-600951,Light,Windy,6
BA1278-699929,Dry,VeryWindy,0
EI7039-741237,Moderate,Breezy,0
BA3443-837081,Dry,Windy,17
BA9329-135147,Dry,Calm,2
EI3896-497771,Light,Breezy,15
BA9113-830078,Dry,Windy,1
BA1655-854428,Light,Calm,0
EI6484-697488,Dry,Calm,4
FR6895-714011,Dry,Breezy,2
EI7760-436423,Moderate,Breezy,5
FR6869-291150,Dry,Breezy,0
EI303-109551,Light,Breezy,3
EI6415-094621,Light,Windy,3
BA1683-986679,Dry,Breezy,10
BA7336-553776,Dry,Breezy,7
U24898-274655,Dry,Calm,27
U24805-838741,Light,Windy,29
EI0153-992646,Light,Breezy,4
BA1720-264181,Light,Calm,4
FR2447-540122,Dry,Breezy,1
BA9726-028667,Light,Windy,4
BA0701-727161,Heavy,Calm,2
U22077-450839,Light,Breezy,2
EI0686-204071,Light,Breezy,0
U21652-837456,Light,Breezy,3
EI8036-949269,Moderate,Breezy,2
BA1082-163759,Dry,Breezy,0
BA4263-917254,Moderate,Breezy,36
BA5841-280338,Moderate,Breezy,4
BA7405-372553,Dry,Breezy,1
BA2853-112893,Dry,VeryWindy,10
FR917-807326,Moderate,Breezy,39
EI4283-765225,Moderate,Calm,3
FR9630-865712,Light,Calm,0
FR2796-304416,Dry,Calm,8
U20847-511018,Light,VeryWindy,25
U21001-698726,Dry,Calm,0
U25622-034051,Light,Breezy,17
EI7664-506062,Dry,Breezy,31
U20016-088647,Dry,Breezy,0
FR8859-270813,Light,Calm,0
EI892-646639,Light,Breezy,10
EI8287-494912,Light,Calm,3
BA3879-475535,Moderate,Calm,24
U28508-991150,Dry,VeryWindy,6
FR5638-035313,Light,Calm,2
FR9741-876698,Dry,Calm,3
U22718-021916,Light,Calm,6
BA5943-117126,Dry,Breezy,0
FR7027-476098,Dry,Calm,6
FR2369-738683,Dry,Breezy,6
U26885-812889,Dry,Calm,1
U24295-817990,Heavy,Calm,15
EI4235-845494,Dry,Windy,3
EI0719-246230,Dry,Calm,1
FR1047-731641,Dry,Calm,3
BA4485-688652,Dry,Windy,4
BA7077-362292,Dry,Calm,0
EI8268-949453,Dry,Breezy,8
EI6749-728340,Dry,Breezy,4
EI4023-486338,Dry,Calm,3
FR6407-361285,Dry,Windy,4
FR8713-513540,Dry,Breezy,0
U22881-988676,Moderate,Calm,0
BA9916-603909,Dry,Breezy,5
BA5116-438508,Light,Calm,4
BA596-524826,Dry,Windy,7
BA2081-987687,Light,Breezy,2
FR2449-831527,Dry,Breezy,5
FR0891-088814,Light,Windy,3
BA8068-866074,Dry,Calm,6
U24972-183490,Dry,Breezy,0
FR8917-739736,Dry,Calm,7
EI9453-605144,Dry,Breezy,4
BA4347-571745,Dry,Calm,0
FR3854-280952,Light,Calm,7
BA9240-993207,Moderate,VeryWindy,6
BA667-121093,Dry,Breezy,3
FR844-579131,Dry,Breezy,0
U27398-464713,Dry,Breezy,3
U22216-622698,Dry,Breezy,40
FR5288-141371,Moderate,Windy,19
U23783-545451,Dry,VeryWindy,0
U23241-078968,Dry,Breezy,0
FR3809-066619,Light,Calm,5
EI0567-231950,Dry,Breezy,44
BA4451-803353,Dry,Windy,0
U26917-515734,Dry,Windy,3
BA8067-224248,Dry,Calm,1
U27820-428200,Moderate,Calm,5
EI5846-163143,Light,Windy,0
FR8585-243560,Moderate,Breezy,37
FR8713-107959,Dry,Calm,3
U27983-584054,Dry,Breezy,3
EI2442-123045,Dry,Breezy,4
FR495-506556,Dry,Breezy,6
EI6723-018914,Dry,Windy,0
EI8908-516844,Dry,Breezy,0
BA4137-883683,Dry,Windy,0
EI8775-539687,Dry,Calm,10
BA8323-268237,Dry,Breezy,3
U21230-476661,Dry,Windy,7
U24790-306387,Dry,VeryWindy,1
FR4501-474767,Moderate,Breezy,4
BA5279-337780,Moderate,Calm,9
U28212-380251,Dry,Windy,2
BA3952-329733,Dry,Calm,6
FR9148-854846,Dry,Calm,2
U21926-582184,Light,Breezy,35
BA8774-382411,Dry,VeryWindy,12
FR6728-174083,Light,Calm,5
U2816-485233,Dry,Windy,1
BA9177-298487,Dry,Breezy,1
FR7949-075208,Moderate,Breezy,2
FR4627-603188,Light,Breezy,29
EI4039-348593,Moderate,Windy,0
FR5644-842916,Dry,Breezy,7
FR0073-184556,Dry,Windy,39
FR9713-988757,Dry,VeryWindy,31
FR1317-082730,Light,Breezy,30
FR8839-839542,Dry,Calm,5
BA7573-565755,Dry,Breezy,7
EI7774-653684,Dry,Windy,7
FR6399-790007,Moderate,VeryWindy,21
BA7628-282289,Light,Breezy,0
EI7942-032111,Light,Breezy,30
BA3754-080361,Dry,Breezy,1
BA6296-260608,Moderate,Breezy,7
FR2446-189168,Dry,Calm,3
BA9543-815536,Dry,Breezy,2
U2683-314060,Dry,Calm,6
FR7598-638036,Dry,Windy,15
U23537-625069,Light,Calm,0
BA8142-444516,Dry,Calm,4
EI6023-877280,Dry,Calm,5
U26466-327530,Dry,Breezy,4
FR7991-213773,Dry,Windy,3
EI3025-352283,Dry,VeryWindy,2
FR400-416952,Dry,Calm,0
BA5952-877811,Light,Breezy,7
BA3389-768314,Dry,Breezy,1
BA5465-703003,Light,Breezy,2
BA3363-423152,Dry,Windy,6
BA5006-977207,Light,VeryWindy,4
BA7701-457364,Moderate,Windy,28
FR7225-843607,Moderate,Breezy,34
BA8482-809695,Dry,Breezy,9
BA6139-847389,Dry,Windy,6
EI7376-557255,Dry,Windy,0
EI7984-041829,Dry,Breezy,2
BA8680-158380,Dry,Breezy,1
EI853-372729,Moderate,Calm,2
EI408-940274,Light,Breezy,14
BA9607-772143,Dry,Windy,10
BA6823-689352,Dry,Calm,1
FR1784-115663,Dry,Breezy,35
U28094-684125,Heavy,Calm,26
FR8971-650888,Light,Windy,2
BA7090-404240,Moderate,Breezy,30
EI3997-591961,Dry,Breezy,2
FR5362-844596,Dry,Breezy,0
U26170-248582,Dry,Breezy,0
FR7501-560305,Moderate,Calm,8
BA7131-399196,Light,Calm,2
U2193-019845,Light,Breezy,7
U2086-456825,Dry,Breezy,4
BA0588-613801,Light,Calm,1
FR210-326633,Light,Windy,0
BA3394-959253,Dry,Calm,5
U20498-725008,Light,Calm,1
EI2047-055188,Dry,Breezy,6
U29129-231917,Light,Windy,5
EI7199-870547,Light,Breezy,2
U28574-139815,Dry,Calm,0
EI0938-061215,Dry,Breezy,0
EI6896-121719,Dry,Calm,0
EI8156-290348,Light,Breezy,0
U29334-465087,Light,Windy,6
FR6943-589993,Moderate,Windy,36
FR7568-971098,Dry,Calm,1
FR1750-297138,Dry,Breezy,1
FR9508-299513,Moderate,Calm,3
EI9206-462777,Dry,Breezy,11
U29989-262285,Dry,Calm,5
U23881-703584,Dry,Windy,2
BA9773-426608,Dry,Calm,4
BA2595-323821,Dry,Breezy,0
U21677-419041,Dry,Calm,0
FR8426-433148,Light,Calm,12
U2292-243094,Dry,Breezy,0
EI1778-783338,Moderate,Breezy,7
BA2357-531434,Dry,Breezy,1
FR9722-608409,Dry,VeryWindy,15
BA6211-727714,Light,Breezy,15
FR1611-731274,Light,Calm,1
U27244-979040,Dry,Calm,2
U24421-328150,Moderate,VeryWindy,0
EI9454-723249,Moderate,Calm,3
U29360-448286,Light,Calm,9
U29899-661571,Dry,Windy,0
BA0010-871064,Dry,Breezy,2
EI0378-855666,Light,Windy,2
EI5246-335161,Dry,Breezy,4
U25375-059045,Dry,Calm,1
BA2288-820557,Moderate,Calm,20
FR5386-639773,Moderate,Windy,19
U23218-087857,Light,Windy,16
EI7009-497428,Light,Calm,4
EI4478-278864,Light,Breezy,0
BA2783-656015,Heavy,VeryWindy,19
FR8706-041650,Dry,Windy,0
EI4663-318515,Light,VeryWindy,25
FR0559-471804,Light,Breezy,3
BA3968-333668,Light,Windy,0
FR3676-553692,Dry,Breezy,39
BA7063-193599,Dry,Windy,4
U24342-389274,Dry,Windy,23
FR3906-777799,Moderate,Breezy,7
U24242-119486,Moderate,Breezy,10
U24508-170287,Moderate,Calm,0
EI5731-623317,Dry,Windy,8
FR6933-717938,Heavy,Calm,22
FR3472-686631,Dry,Breezy,0
EI4595-351224,Dry,Windy,21
U25827-853671,Dry,Breezy,12
EI3329-272936,Dry,Windy,3
EI4737-244076,Dry,Breezy,2
BA744-936353,Light,Windy,0
U23542-889030,Dry,Calm,1
EI5526-362183,Moderate,Windy,0
EI4140-553788,Dry,Calm,0
FR3396-422989,Dry,Breezy,4
FR7937-091600,Moderate,Breezy,0
U28869-769036,Moderate,Calm,33
BA6652-585939,Dry,Calm,2
BA4456-865920,Moderate,Calm,0
EI3823-996863,Moderate,Breezy,3
BA3366-807487,Light,Breezy,2
FR2773-279186,Dry,Breezy,0
FR5985-198961,Light,Windy,2
BA3166-906204,Light,Breezy,8
EI4395-547615,Dry,Calm,15
U24049-660308,Dry,Breezy,38
BA5204-809634,Heavy,Breezy,13
U28480-007642,Moderate,Breezy,4
BA3963-764881,Dry,Calm,2
U29520-865939,Light,Breezy,0
U2423-789138,Dry,Windy,1
EI3395-997110,Moderate,Breezy,10
FR4216-981651,Light,Breezy,3
BA4566-815005,Dry,Breezy,0
BA7027-402938,Light,Breezy,4
EI7686-511400,Dry,Breezy,2
U22798-059239,Moderate,Calm,1
EI3783-626227,Dry,VeryWindy,7
U27780-559793,Dry,Windy,15
FR3716-308028,Light,Windy,5
FR7599-010325,Light,Breezy,21
BA5008-433441,Dry,Breezy,7
FR9482-909266,Light,Breezy,6
FR8089-639382,Light,Calm,8
FR209-313937,Dry,Calm,11
BA3461-855527,Dry,Breezy,0
BA4550-327611,Moderate,Calm,0
U29043-086488,Dry,Breezy,17
EI5001-766063,Light,Windy,25
U23248-934502,Moderate,Breezy,2
BA7284-392636,Dry,Calm,1
U29653-534204,Dry,Windy,0
U28351-204609,Light,Calm,0
BA564-374457,Dry,Calm,8
FR1097-843146,Moderate,Calm,15
FR8785-710575,Dry,Windy,2
FR1274-721981,Dry,Breezy,12
BA5015-223542,Light,Breezy,7
EI2991-072353,Dry,Windy,7
BA5097-568936,Light,Breezy,18
BA8902-200225,Dry,Calm,0
FR0016-002753,Light,Windy,3
EI6504-353875,Moderate,Windy,9
BA1949-308117,Dry,Calm,0
BA4481-881604,Dry,Breezy,1
BA6354-483375,Dry,VeryWindy,0
EI7172-149071,Dry,Calm,3
EI9078-339164,Moderate,Calm,5
BA6858-072804,Light,Breezy,6
BA2470-413415,Light,Windy,3
EI3073-635771,Dry,Breezy,1
BA5050-024363,Light,Breezy,23
BA8258-324528,Light,Breezy,9
FR7347-101791,Dry,Breezy,29
U25727-586016,Dry,Breezy,5
EI2832-002339,Dry,Breezy,30
BA5077-351632,Dry,Calm,33
FR0348-085926,Dry,Breezy,24
BA8206-289257,Moderate,Windy,8
EI3714-685151,Light,Windy,13
U2363-998320,Light,Calm,6
EI4240-581680,Light,Breezy,8
U20749-464530,Dry,Calm,0
BA4727-805630,Dry,Calm,1
BA1930-022208,Light,Breezy,0
BA2544-018771,Light,Breezy,0
FR7911-562132,Dry,Breezy,4
EI5107-175905,Dry,Breezy,0
FR4626-539479,Light,Windy,19
FR6464-511014,Dry,Breezy,2
BA528-950961,Dry,Calm,0
U25141-472441,Dry,Breezy,27
BA3863-617557,Dry,Windy,7
U29382-351735,Light,Calm,3
BA2744-860825,Dry,Calm,1
EI837-956748,Dry,Breezy,0
EI4437-138135,Light,VeryWindy,0
U20933-289273,Light,Calm,4
FR8549-875454,Light,Calm,4
BA8549-327407,Light,VeryWindy,24
BA4246-366005,Dry,Breezy,0
BA8399-159641,Light,Breezy,8
BA9098-060018,Dry,Breezy,4
U21315-729182,Dry,Breezy,9
EI425-936331,Light,Breezy,1
U23014-290977,Light,Breezy,6
FR605-467247,Moderate,Calm,0
FR1473-043948,Dry,Breezy,2
EI5466-361649,Dry,Calm,5
BA7225-645844,Moderate,Breezy,13
U25165-280560,Dry,VeryWindy,11
U25160-239491,Dry,Breezy,7
BA2089-326415,Dry,Breezy,4
EI6874-545385,Light,Calm,0
EI7318-791997,Light,Windy,3
U21583-114128,Dry,Calm,2
U21921-163295,Dry,Windy,6
U23019-197949,Dry,Calm,11
FR2058-347585,Light,Windy,9
BA9428-549664,Moderate,Calm,3
BA5025-009438,Moderate,Breezy,7
U24204-225760,Moderate,Breezy,6
U21999-456704,Moderate,Calm,2
FR9798-942358,Moderate,Breezy,5
U21073-444065,Moderate,Windy,37
FR2145-479248,Dry,Breezy,2
EI3201-694886,Dry,Breezy,0
U23729-067798,Heavy,Calm,6
BA7037-574508,Light,Breezy,1
U29084-056968,Dry,Calm,1
BA7329-980711,Dry,Breezy,1
FR6452-617201,Heavy,Breezy,28
U27880-221495,Dry,Windy,3
BA2462-565527,Heavy,Windy,43
EI6811-867962,Dry,Breezy,4
FR9080-564742,Light,Breezy,7
U23828-310278,Moderate,Calm,8
EI2929-750697,Dry,Calm,5
BA5170-627493,Dry,Windy,6
U29642-742651,Dry,Calm,26
BA4087-045940,Light,Breezy,19
U21290-866107,Light,Calm,0
U22000-282813,Light,Breezy,8
BA9179-992212,Dry,Breezy,2
EI4583-507930,Moderate,Calm,17
BA8792-437330,Dry,Windy,40
EI2945-398919,Dry,Windy,6
U29658-486820,Heavy,Windy,0
U22686-871968,Dry,Calm,32
EI0249-720583,Dry,VeryWindy,24
EI7382-792245,Moderate,Breezy,31
EI2606-635227,Heavy,Windy,15
FR359-744604,Dry,Calm,0
U22222-393499,Dry,Calm,10
BA4690-375195,Dry,Windy,2
BA4297-410281,Dry,Calm,4
BA389-649945,Light,Breezy,0
BA5462-900248,Dry,Breezy,8
BA9642-324922,Dry,Calm,5
U26765-847052,Dry,Breezy,3
U29158-381492,Light,Breezy,1
U23308-926113,Light,Breezy,2
FR3586-925378,Dry,Breezy,3
EI5953-811714,Moderate,Windy,32
EI8352-451420,Dry,Windy,10
U27692-281800,Light,Windy,0
EI6768-951656,Heavy,Calm,3
FR7234-123874,Light,Breezy,2
EI8690-804438,Light,Calm,0
U25419-574925,Moderate,Breezy,3
FR4825-966750,Dry,Windy,18
U27610-152432,Heavy,Calm,0
FR1885-754453,Moderate,Calm,0
BA465-724902,Light,Breezy,5
BA9403-169086,Light,VeryWindy,9
U27033-810885,Moderate,Breezy,0
BA3201-252187,Dry,Breezy,1
EI9631-792784,Dry,Calm,3
U20135-821991,Dry,Calm,0
FR8095-059882,Dry,Breezy,8
FR1295-124911,Dry,Calm,4
FR4231-724957,Moderate,VeryWindy,22
U26054-985606,Dry,Breezy,10
EI6029-165727,Dry,Windy,7
EI6835-154269,Dry,Breezy,6
BA7947-382874,Heavy,Breezy,0
FR9534-020076,Light,Windy,0
FR1258-775503,Moderate,Breezy,0
FR9021-388010,Dry,Breezy,6
BA3116-750658,Dry,Windy,15
BA6959-883635,Light,Breezy,6
U29027-548320,Moderate,Breezy,27
U24282-614705,Dry,Breezy,0
U22239-696030,Dry,Breezy,0
EI4311-234216,Light,Breezy,2
U29372-115164,Moderate,Breezy,3
BA8821-901999,Light,Windy,36
BA1356-785621,Heavy,Calm,5
BA5586-767743,Heavy,Breezy,2
BA0496-179124,Light,Breezy,4
U24781-176402,Dry,Calm,2
U28954-253029,Light,Breezy,0
EI6692-821428,Dry,Breezy,25
FR8409-499189,Light,Windy,2
EI512-348739,Dry,Breezy,0
FR8438-397257,Light,Breezy,1
EI4779-524693,Dry,Windy,1
BA1745-256129,Dry,Windy,7
BA8586-862345,Light,Calm,0
FR1742-170028,Dry,Breezy,4
BA3445-508119,Dry,Breezy,5
U22683-409036,Heavy,Windy,9
FR7876-379409,Dry,Calm,17
FR5454-286651,Light,Calm,1
U27164-715423,Light,Breezy,7
EI7211-669565,Light,Windy,0
BA8936-945177,Light,Breezy,8
EI2826-221247,Heavy,Calm,32
FR816-123823,Dry,Calm,4
U26965-007860,Dry,Calm,3
BA6447-317574,Dry,Windy,0
U22023-311573,Dry,Calm,6
U20787-636590,Dry,Windy,4
FR3704-825722,Dry,Breezy,0
BA0504-479459,Moderate,Calm,10
FR3309-412428,Light,Calm,0
FR8762-802061,Light,Calm,7
U27416-324502,Dry,Windy,0
U28148-284970,Dry,Calm,4
EI5836-756982,Light,Windy,9
FR5333-812562,Moderate,Windy,15
U23407-073199,Dry,Calm,7
U27369-457491,Dry,Calm,5
BA3212-983771,Dry,Calm,0
EI0799-574071,Dry,Calm,32
EI1512-953303,Dry,Calm,4
BA7829-502650,Dry,VeryWindy,2
EI3947-568883,Moderate,Calm,3
BA6684-725338,Moderate,Breezy,7
U26189-317102,Dry,Calm,0
U29986-076902,Light,Breezy,0
FR2022-649789,Dry,Calm,8
EI4705-750166,Dry,Windy,4
U29411-189034,Dry,VeryWindy,34
BA3129-108119,Dry,Windy,54
FR6626-392165,Light,Breezy,41
U20456-032230,Dry,Breezy,6
FR1020-225431,Dry,Breezy,33
FR1652-402684,Heavy,Breezy,0
BA3034-984236,Heavy,VeryWindy,5
EI8341-102234,Light,Breezy,5
U25021-169583,Dry,Breezy,1
U26356-043769,Dry,Windy,9
FR9995-565463,Heavy,Breezy,48
BA1233-692684,Dry,VeryWindy,4
EI2778-662218,Dry,Breezy,5
BA9513-734734,Dry,Breezy,8
BA4916-261667,Dry,Breezy,7
EI5257-797885,Dry,Breezy,2
U28817-173286,Dry,Calm,7
FR3719-354116,Dry,Calm,37
EI5443-112882,Moderate,Calm,3
EI3453-425619,Dry,Breezy,0
FR2713-150689,Dry,Windy,0
U21937-149413,Heavy,Breezy,0
BA461-628299,Dry,Windy,3
U21290-829177,Light,Calm,0
BA4917-774359,Light,Calm,18
BA2253-770970,Light,Calm,1
EI2139-831858,Light,Windy,8
FR7234-360687,Moderate,Windy,43
FR4981-016092,Dry,Breezy,6
U22327-536134,Dry,Breezy,18
FR7255-917022,Light,Windy,26
U22463-883761,Dry,Breezy,31
EI4031-506778,Moderate,VeryWindy,19
FR6075-049538,Dry,Windy,0
BA8072-835915,Moderate,Calm,8
EI1529-617202,Dry,VeryWindy,7
U21633-494542,Light,Windy,31
BA5752-125834,Heavy,Breezy,4
EI9949-736636,Dry,Windy,1
FR2387-521524,Dry,Calm,1
U25391-549090,Light,Breezy,5
FR3459-970649,Light,Calm,48
EI3314-858617,Dry,Breezy,8
BA7971-642120,Dry,Breezy,2
FR8363-457831,Moderate,Calm,9
BA1061-380207,Dry,Calm,0
EI9736-868641,Light,Breezy,8
FR8946-786911,Light,VeryWindy,9
U26639-525882,Dry,Breezy,7
BA4613-031980,Dry,Calm,5
EI3121-934537,Light,Breezy,4
BA9122-814526,Dry,Breezy,0
BA0710-159224,Dry,Windy,6
U29801-213062,Dry,Windy,36
BA6000-734131,Dry,Windy,0
BA7286-020295,Light,Breezy,37
FR3853-810815,Dry,Windy,15
EI1495-204445,Light,Breezy,8
EI6664-984968,Dry,Calm,0
EI7124-808402,Moderate,Breezy,1
U29014-223475,Light,Calm,4
FR1707-969651,Moderate,Windy,25
BA6000-080809,Dry,Calm,0
U26129-012320,Light,Breezy,37
FR5464-554088,Dry,Calm,1
FR0488-044865,Light,Windy,4
U26674-973166,Light,Breezy,4
BA7706-484589,Dry,Calm,0
BA2319-646158,Light,Breezy,23
U24065-111900,Dry,Breezy,2
FR6988-703777,Light,Calm,0
U24032-138017,Dry,Breezy,1
BA4512-266937,Light,Windy,4
BA5204-342485,Moderate,VeryWindy,6
U26248-998788,Dry,Breezy,28
U26333-737302,Dry,Calm,3
BA3604-671746,Dry,Breezy,23
EI3978-559652,Dry,Breezy,0
BA433-610990,Dry,Breezy,13
U28300-353036,Dry,Windy,5
BA6120-592739,Dry,Calm,12
U23927-112645,Light,Breezy,9
FR6680-666281,Dry,Breezy,6
U21202-059008,Dry,Calm,0
U24100-007532,Light,Windy,7
FR2678-962495,Dry,Calm,27
EI0615-020413,Dry,Calm,0
BA2878-750618,Heavy,Calm,3
EI6578-904724,Dry,Calm,0
EI5200-821461,Dry,VeryWindy,5
BA6276-663348,Light,Calm,2
FR5595-894675,Moderate,Calm,0
FR1832-424993,Dry,Calm,35
FR9708-251580,Light,Calm,3
FR5297-856350,Light,Calm,0
EI5012-420363,Moderate,Breezy,11
U20037-768487,Dry,Calm,20
U27792-689936,Moderate,Windy,2
U21466-929935,Dry,Calm,4
BA2407-697384,Dry,Breezy,6
U23559-630035,Dry,Windy,2
BA9234-553058,Dry,Breezy,0
U26891-412765,Light,Calm,31
FR1444-755334,Dry,Windy,0
BA5974-703530,Light,Breezy,7
FR4659-875677,Dry,Breezy,3
U25904-426962,Dry,Breezy,24
EI3568-885107,Dry,Breezy,0
U22907-965171,Dry,Calm,0
FR7501-525647,Light,Breezy,0
U24932-002281,Moderate,Windy,0
EI4075-664301,Dry,Calm,0
U28009-748770,Dry,VeryWindy,2
BA8771-624299,Heavy,Windy,19
BA7082-452778,Light,Breezy,26
BA4350-045286,Light,VeryWindy,7
U28537-207709,Dry,Calm,25
U27712-601445,Light,Windy,35
BA418-577965,Light,Calm,4
EI9129-580582,Dry,Calm,5
EI9606-944691,Light,Breezy,6
EI2927-284186,Light,Calm,9
EI066-787723,Moderate,Windy,11
BA4206-862505,Dry,Calm,0
EI507-757449,Dry,Calm,37
FR3688-917372,Light,Windy,0
EI5797-971618,Dry,Calm,2
FR7237-560512,Dry,Windy,4
EI7292-367233,Light,Windy,2
FR9040-136113,Light,Breezy,5
EI2766-153001,Moderate,Breezy,5
BA9200-094571,Dry,Windy,0
BA2324-875514,Heavy,Breezy,28
EI2025-716663,Light,Windy,1
BA1977-010775,Dry,Breezy,5
EI4308-290838,Light,Breezy,4
FR8801-830442,Dry,Breezy,4
EI7693-063382,Heavy,Windy,4
BA4639-949931,Moderate,Windy,21
U27857-588789,Dry,Windy,2
EI0803-150733,Moderate,Breezy,2
U24380-133561,Dry,Calm,6
FR0784-241724,Dry,Calm,1
BA6163-612941,Dry,Calm,1
U27256-684116,Dry,Windy,9
U28474-866694,Light,Windy,29
BA2883-971503,Dry,Calm,10
FR6585-626486,Dry,Breezy,4
FR4825-631631,Dry,Windy,15
U29132-759813,Light,Breezy,0
EI7780-344516,Moderate,Breezy,1
EI3131-124988,Moderate,Breezy,3
U22513-563307,Dry,Calm,7
U28550-012751,Light,Calm,5
FR9503-255404,Dry,Breezy,1
EI9350-165087,Moderate,Windy,0
FR9020-285742,Dry,Calm,1
BA2693-633290,Heavy,Calm,6
EI6382-013408,Dry,Breezy,9
BA5966-575772,Heavy,Windy,0
BA0121-128775,Light,Breezy,7
EI4232-551136,Moderate,Windy,27
BA8811-842236,Dry,Breezy,26
FR1164-199258,Light,Windy,21
BA3188-430901,Dry,Calm,0
EI8809-171573,Moderate,Breezy,8
FR9323-094366,Dry,Breezy,15
U20918-906356,Dry,Calm,0
EI5938-689756,Dry,Windy,2
BA2208-688405,Dry,Windy,27
BA5517-777900,Dry,Breezy,0
BA6241-763738,Light,Breezy,0
FR4615-169174,Dry,Breezy,0
EI9929-099945,Light,VeryWindy,0
FR920-692305,Dry,Breezy,0
U26862-229839,Light,Windy,0
U29511-349320,Dry,Calm,0
EI3520-678170,Light,Breezy,27
BA4436-099072,Light,Calm,8
BA130-804684,Light,Calm,7
U2144-123028,Dry,Calm,4
U24716-609170,Dry,Windy,7
FR1133-952272,Dry,Breezy,37
FR3355-542053,Moderate,Calm,34
BA6844-280017,Dry,Calm,0
FR0616-774453,Dry,Breezy,10
FR8669-958804,Dry,Calm,2
FR9668-300961,Dry,Breezy,32
U22414-289570,Dry,Calm,21
FR2903-496908,Light,VeryWindy,1
BA5015-918923,Dry,Calm,19
BA4452-698854,Heavy,Calm,0
BA5921-548135,Dry,Breezy,5
U23395-183895,Dry,Breezy,7
BA7257-322383,Light,Calm,4
BA0366-035073,Dry,Breezy,2
BA1634-909646,Dry,Breezy,3
BA8797-638251,Dry,Breezy,2
FR2403-734540,Moderate,Calm,0
FR9826-200991,Dry,Windy,25
EI6160-229628,Light,Windy,8
FR2709-295774,Dry,VeryWindy,51
FR5838-527204,Light,VeryWindy,19
FR1825-464831,Dry,VeryWindy,25
U27079-326959,Moderate,Calm,26
U21419-504610,Moderate,Breezy,4
U26703-324177,Dry,VeryWindy,9
U29892-408047,Dry,Breezy,35
U22194-688495,Dry,Calm,10
FR4314-753865,Light,Calm,2
FR452-565138,Light,Breezy,36
FR1869-706603,Dry,Breezy,0
EI5824-680423,Dry,Breezy,6
BA8310-589429,Moderate,Breezy,1
BA6793-508608,Dry,Calm,2
EI9416-774655,Light,Windy,2
FR7489-054488,Dry,Breezy,7
FR2169-478006,Dry,Calm,2
FR1701-705025,Dry,Windy,0
BA0113-275260,Light,Calm,3
FR9549-653249,Dry,VeryWindy,16
EI7070-497411,Moderate,VeryWindy,7
U23596-595757,Light,Windy,16
U22455-098088,Moderate,Windy,17
U25069-693546,Moderate,Breezy,3
EI8766-873120,Light,Breezy,1
U27719-290448,Dry,Breezy,5
U24877-288679,Dry,Calm,0
BA9903-270305,Dry,Breezy,5
U26748-894051,Moderate,Breezy,5
BA6576-990111,Dry,Calm,4
FR9620-439524,Moderate,VeryWindy,41
U25450-820344,Light,Windy,25
BA9788-707452,Dry,Calm,10
U29453-086982,Moderate,Windy,18
EI5715-290928,Moderate,Breezy,3
U20321-396314,Moderate,Calm,4
BA6231-736822,Dry,Calm,4
EI0391-567216,Dry,Windy,5
EI9679-011622,Light,Breezy,0
EI4824-626093,Dry,Breezy,0
FR3783-813431,Light,Windy,5
U23195-014422,Dry,VeryWindy,6
U27488-785179,Light,VeryWindy,0
U29317-695953,Light,Breezy,0
U23850-918868,Light,Calm,1
U25279-156054,Heavy,Windy,23
BA3457-852671,Dry,Calm,2
FR4260-067607,Dry,Breezy,3
EI9342-587299,Moderate,Calm,0
BA7924-179577,Dry,Windy,38
U21702-555219,Light,Calm,8
EI2977-201795,Dry,Breezy,0
FR4917-834665,Light,Calm,0
EI9526-107660,Light,Calm,7
BA1651-836584,Light,Breezy,0
EI9583-073364,Dry,Calm,35
U29234-042205,Moderate,Windy,15
FR8804-126084,Light,Windy,16
EI7889-637548,Light,Breezy,2
BA4106-126160,Dry,Calm,8
EI6191-463609,Dry,Windy,38
FR7368-811831,Dry,Breezy,15
EI3108-007894,Moderate,VeryWindy,7
EI3985-197491,Dry,VeryWindy,25
BA7904-625554,Light,Calm,6
FR7255-167640,Dry,Calm,0
U20496-803830,Dry,Calm,0
EI5124-135694,Dry,Breezy,7
FR076-750829,Dry,VeryWindy,7
FR7383-685325,Moderate,Windy,18
U21657-546705,Moderate,VeryWindy,25
BA5718-016256,Dry,Breezy,6
FR1943-038399,Moderate,Calm,32
U21338-085763,Light,Breezy,24
EI598-720216,Dry,Windy,6
BA9588-822547,Dry,Calm,3
BA5197-771860,Dry,Calm,2
BA3544-214911,Dry,Windy,7
U28993-453505,Dry,Calm,0
U25313-905597,Dry,Calm,0
FR1254-337411,Dry,Calm,6
EI7459-338003,Dry,Calm,7
U22591-859935,Dry,Breezy,0
FR7210-287250,Dry,Breezy,6
BA5409-302274,Light,Calm,9
BA4597-340505,Dry,Calm,3
U28822-895028,Dry,Calm,2
U26707-498723,Dry,Calm,1
BA7421-586334,Heavy,Breezy,32
U28572-581478,Dry,Calm,2
U25945-738603,Dry,Breezy,12
EI5795-044276,Heavy,Windy,33
EI5227-482294,Dry,Calm,4
U23444-190165,Dry,Breezy,0
BA4888-654111,Dry,Calm,0
U29251-166519,Dry,Calm,3
FR3585-811652,Dry,Windy,0
BA4575-939855,Dry,Calm,0
EI4532-991535,Light,Breezy,5
EI7418-502621,Dry,Breezy,3
U29025-616047,Dry,Windy,1
U28285-885874,Light,Breezy,2
EI4563-077022,Dry,Windy,2
FR9729-880482,Dry,Breezy,4
FR6490-993534,Dry,Windy,5
U24495-480123,Light,Breezy,0
U24746-652347,Dry,Breezy,5
U22547-628288,Light,Windy,27
FR7777-637967,Dry,Breezy,4
U25824-575401,Dry,Breezy,6
EI6214-281674,Light,Windy,5
FR951-418644,Dry,Calm,39
U21727-483548,Moderate,Calm,0
EI7281-801677,Dry,Breezy,8
BA1036-310412,Dry,Calm,17
BA7708-227341,Dry,Windy,25
FR7104-515323,Light,Breezy,37
U27574-076822,Dry,VeryWindy,0
FR5212-719336,Moderate,Windy,5
BA3855-082289,Dry,Breezy,6
BA6037-197845,Dry,Calm,3
BA5533-979242,Dry,VeryWindy,7
EI6919-979468,Dry,Calm,8
FR5228-888004,Light,Windy,1
FR5029-290306,Dry,VeryWindy,30
FR9419-560043,Dry,Calm,0
U28726-936019,Dry,Windy,0
BA1464-322938,Moderate,Breezy,1
BA8033-327701,Dry,Windy,9
BA9143-972669,Dry,Calm,11
FR3632-558001,Light,Breezy,5
FR6665-957631,Dry,Breezy,29
FR4146-063288,Dry,VeryWindy,34
U26113-522664,Light,Breezy,0
U21598-143982,Dry,Breezy,26
U28112-261911,Dry,Calm,5
EI3004-288993,Moderate,Breezy,10
EI4062-125050,Dry,Windy,0
EI0260-151927,Moderate,Windy,1
EI840-034190,Light,Calm,40
EI9496-850596,Moderate,Breezy,15
U29388-897774,Moderate,Windy,26
U26604-766282,Light,Breezy,0
BA1132-004142,Dry,VeryWindy,0
EI4291-083351,Dry,Calm,0
FR8317-697806,Dry,Windy,24
EI3195-255983,Dry,Windy,40
FR6477-807601,Moderate,VeryWindy,35
U2352-539465,Heavy,Calm,9
EI5067-608506,Light,Calm,6
BA2502-491265,Heavy,Windy,17
EI3255-239073,Dry,Calm,6
FR3545-342919,Light,Calm,30
FR5354-477039,Light,Breezy,2
EI6354-970364,Light,Breezy,4
BA7159-681742,Dry,Breezy,1
U28740-791763,Dry,VeryWindy,6
FR6154-130706,Dry,Breezy,0
U29729-603850,Moderate,Windy,5
EI2255-284930,Dry,Calm,3
BA330-722804,Dry,Breezy,2
U29587-645853,Light,Windy,3
EI0907-155841,Light,Breezy,8
BA1210-118627,Moderate,VeryWindy,1
BA7980-763652,Light,Calm,3
BA9172-298754,Moderate,Windy,34
FR6861-598345,Light,Calm,1
FR4990-734632,Light,Breezy,0
BA6038-694822,Dry,Breezy,8
FR6987-370712,Dry,Windy,0
BA5282-585350,Dry,Breezy,0
EI1401-664355,Dry,Breezy,5
BA513-817875,Dry,Breezy,7
U26387-989900,Dry,Breezy,3
FR195-128522,Dry,Windy,0
U27920-160788,Light,Calm,9
FR3869-974058,Dry,Calm,1
FR147-647284,Dry,Breezy,1
U26013-478539,Dry,Breezy,3
U26734-925065,Heavy,Windy,1
FR7394-289828,Heavy,Breezy,36
U23236-249162,Dry,Calm,30
BA3539-451632,Dry,Calm,2
FR5592-796862,Light,Calm,3
BA9270-627965,Dry,Breezy,2
BA1020-550966,Dry,Breezy,10
BA4659-231415,Moderate,Breezy,0
BA2136-475186,Dry,Calm,0
FR6878-802266,Dry,Windy,2
U23529-036462,Light,Windy,1
FR7684-409632,Dry,Breezy,0
FR2341-449300,Dry,Calm,0
FR2992-066686,Light,Windy,28
FR0426-112028,Dry,Breezy,31
BA6002-871713,Dry,Windy,0
EI780-709457,Dry,Calm,5
BA6630-065737,Dry,Calm,7
EI9226-301278,Dry,Calm,5
BA8763-291114,Heavy,Windy,0
FR4994-383914,Dry,Calm,0
U21893-077200,Dry,Calm,1
EI6683-917033,Moderate,Windy,33
FR6347-600863,Dry,VeryWindy,15
FR4559-575672,Dry,Calm,6
BA7835-973082,Dry,Breezy,3
FR6776-094596,Moderate,Breezy,0
FR178-693893,Moderate,Calm,4
BA9880-510043,Light,VeryWindy,2
EI6439-350975,Dry,Breezy,4
FR3938-918205,Dry,Breezy,3
U25808-301630,Dry,Calm,4
FR2874-674883,Moderate,Calm,20
BA2851-182654,Moderate,Breezy,7
FR5942-474523,Dry,Calm,5
FR5056-805053,Dry,Windy,6
EI191-996107,Dry,Calm,0
EI1281-672633,Moderate,Windy,2
U22937-859093,Light,Breezy,4
EI2846-909393,Dry,Breezy,11
FR358-827323,Heavy,Breezy,39
BA085-880748,Light,Breezy,0
BA0292-840401,Dry,Breezy,12
BA3546-887585,Dry,VeryWindy,1
U25687-970628,Moderate,Breezy,1
FR2569-745308,Dry,Calm,14
FR8885-268858,Dry,Calm,15
BA5234-501434,Dry,Calm,0
FR3907-411750,Dry,Calm,0
EI7437-359665,Dry,Calm,0
FR1241-622932,Light,VeryWindy,6
U24543-933982,Light,Calm,5
U21081-002514,Dry,Breezy,2
BA0370-037709,Dry,Calm,4
FR7154-520904,Light,Breezy,0
BA6315-285272,Light,Windy,8
U20111-792403,Light,Breezy,2
U25220-292037,Dry,Calm,0
BA6841-000560,Moderate,Breezy,25
EI9648-533682,Dry,Breezy,0
EI7774-871745,Dry,Breezy,0
FR2031-644505,Light,Breezy,5
BA9563-719833,Dry,Breezy,0
EI5044-240623,Light,Calm,7
FR188-949049,Dry,Breezy,2
EI4979-226406,Moderate,Windy,5
U27492-529832,Light,VeryWindy,18
EI4045-250008,Moderate,Calm,0
U26460-042568,Dry,Calm,5
EI821-201046,Dry,Breezy,3
BA4732-357109,Dry,Breezy,4
BA3552-748515,Light,Windy,0
BA8950-635899,Dry,Calm,0
EI8765-282834,Light,Breezy,3
BA1957-995680,Light,Breezy,2
FR1348-547572,Moderate,Breezy,38
EI9467-469428,Dry,Breezy,2
FR2198-789560,Dry,Calm,7
BA3814-692489,Dry,Breezy,1
BA3639-753940,Dry,Calm,1
FR6935-152023,Dry,Breezy,3
BA728-131094,Moderate,Breezy,0
U22861-095456,Light,Calm,0
EI8739-338218,Light,Windy,1
BA6004-888333,Heavy,Calm,6
BA4583-791426,Dry,Windy,0
FR7738-884739,Light,Calm,8
EI3092-115513,Dry,Breezy,0
BA9536-442747,Dry,Calm,1
EI1112-588971,Dry,Breezy,4
U29363-294966,Light,Windy,7
FR8806-882429,Dry,Breezy,8
U21800-821417,Light,VeryWindy,0
EI4986-681431,Light,Breezy,4
U24823-785149,Dry,Windy,15
FR2524-467043,Moderate,Calm,9
EI7946-006787,Light,Breezy,2
BA9764-511368,Dry,Windy,43
BA2716-024481,Light,Calm,9
EI7611-950485,Light,Breezy,3
FR2431-085128,Heavy,Breezy,41
EI6505-600807,Dry,Breezy,2
FR2557-381322,Light,Breezy,2
EI7924-617835,Dry,Breezy,4
BA5165-774594,Moderate,Calm,38
BA8269-352251,Dry,Calm,0
U29538-988408,Dry,Windy,0
FR3788-428841,Light,Breezy,20
EI1475-194627,Light,Calm,5
EI2845-058659,Dry,Breezy,0
FR7567-197267,Dry,VeryWindy,7
BA3606-161235,Dry,Breezy,0
U25915-731047,Dry,Breezy,6
U25765-464381,Dry,Windy,0
EI6934-826534,Dry,Calm,0
U26684-114155,Dry,Calm,3
U2423-208859,Dry,Windy,4
BA5959-799407,Heavy,Breezy,0
FR6428-343955,Dry,Breezy,4
FR2361-934857,Light,Calm,25
U28961-049568,Light,VeryWindy,0
U24907-766884,Moderate,Breezy,1
U22881-702607,Heavy,Calm,6
U29435-738258,Dry,Breezy,10
BA7461-071795,Moderate,Windy,5
BA3535-752299,Dry,Calm,0
EI6643-749418,Dry,Breezy,24
EI7948-087290,Dry,Windy,24
BA6700-280014,Dry,Calm,1
EI9033-511958,Dry,Breezy,8
FR3679-537641,Light,VeryWindy,38
FR1870-316840,Light,Calm,3
BA1720-785154,Dry,Calm,12
FR5196-636787,Dry,Breezy,4
U25683-390343,Light,Calm,4
U27149-949482,Light,VeryWindy,0
BA5901-485382,Dry,Breezy,7
U29010-340295,Dry,Breezy,3
U21606-991565,Light,Windy,13
FR7521-218989,Dry,Calm,0
U24959-850028,Dry,Calm,1
U26206-141572,Dry,Calm,10
FR2814-411386,Dry,Calm,2
BA4764-745680,Dry,Calm,7
BA1359-939772,Dry,Calm,0
FR9441-490569,Light,Breezy,7
BA4054-098242,Dry,Calm,6
U20217-085183,Moderate,Breezy,0
U20535-247035,Dry,Calm,0
BA1724-812070,Moderate,Windy,6
BA2746-520203,Light,Breezy,3
U27514-892238,Dry,Windy,2
EI4785-404176,Light,Windy,0
BA1384-623340,Dry,Windy,1
EI4662-142840,Heavy,Breezy,1
EI7655-066862,Dry,Windy,4
U24498-744840,Dry,Breezy,2
U23193-434562,Dry,Windy,6
BA4213-781252,Dry,Breezy,15
U29437-122634,Dry,Calm,6
FR6772-161400,Dry,Breezy,27
FR607-506474,Dry,VeryWindy,4
BA2451-205429,Light,Calm,0
U25471-184033,Dry,Windy,3
FR8449-757352,Light,Windy,6
FR5686-304219,Dry,Breezy,28
FR5815-817865,Dry,Calm,5
EI1635-619681,Heavy,Calm,13
EI7803-748413,Dry,Calm,2
BA1153-616896,Dry,VeryWindy,0
U29309-408613,Dry,Breezy,6
FR3377-150326,Light,Breezy,0
FR4426-515679,Moderate,VeryWindy,24
U23374-166223,Dry,Windy,33
FR5605-611414,Heavy,Breezy,21
U24051-792972,Dry,Windy,15
U25629-032242,Light,Calm,0
EI7157-041316,Light,Windy,2
FR369-675114,Moderate,Windy,19
U25540-189678,Dry,Breezy,4
EI9439-815754,Dry,Breezy,24
U25714-359431,Dry,VeryWindy,42
BA9232-170776,Light,Breezy,6
BA6381-009136,Dry,Breezy,8
EI3751-933934,Dry,Calm,6
U22550-320193,Dry,Breezy,5
EI2934-915445,Light,Breezy,0
BA5235-286849,Light,Calm,10
U22957-309532,Dry,Breezy,31
FR4341-861990,Dry,Breezy,6
U27642-796319,Dry,Calm,7
EI4603-898905,Dry,Breezy,0
BA8809-632053,Dry,Breezy,5
U2060-388950,Heavy,Calm,5
U27735-336028,Moderate,Calm,0
BA9454-752061,Moderate,Calm,4
U23855-223861,Light,Breezy,5
FR8007-186426,Dry,Calm,27
BA2899-723448,Dry,Calm,12
EI3345-340071,Dry,Breezy,0
FR1043-911931,Dry,Windy,3
FR3672-480402,Dry,Breezy,4
FR8936-820047,Dry,Breezy,23
U27412-113988,Dry,Windy,0
FR0690-551233,Dry,Breezy,2
EI2130-610954,Dry,Windy,6
FR4778-568889,Light,Calm,43
BA5947-579622,Dry,Windy,6
U28892-853421,Dry,Breezy,7
EI8764-745671,Light,Calm,15
U28092-928514,Light,Calm,2
EI5186-994506,Dry,Calm,4
FR4365-142183,Dry,Windy,39
EI0297-001587,Light,Calm,5
BA3235-326642,Light,VeryWindy,33
FR016-209767,Light,Calm,35
BA5571-300739,Dry,Breezy,0
U20053-536642,Dry,Calm,0
FR4005-356469,Dry,Breezy,10
FR2380-029510,Dry,Breezy,5
FR6051-899215,Dry,Breezy,21
FR0212-331509,Dry,Calm,2
U23376-853139,Moderate,Calm,0
BA2964-509971,Dry,Breezy,27
EI1689-670500,Light,Breezy,4
EI7082-913010,Moderate,Calm,51
FR7873-550261,Dry,Windy,17
EI8043-121588,Dry,Windy,2
FR3749-260110,Dry,Breezy,4
EI3795-402013,Dry,Windy,11
U27244-233695,Light,Breezy,0
BA5193-337284,Moderate,Calm,43
U26957-481379,Moderate,VeryWindy,31
U28370-216235,Light,Windy,1
FR4866-387929,Light,Calm,3
BA5374-955875,Dry,Breezy,4
BA6451-698160,Light,Calm,6
U29635-334082,Dry,Calm,0
EI2361-689662,Dry,Windy,3
BA4206-948324,Dry,Calm,4
EI9406-126231,Dry,Calm,52
BA8544-462446,Light,Windy,5
BA3151-595755,Light,Windy,4
EI9707-056805,Dry,Breezy,0
BA2724-444823,Dry,VeryWindy,1
EI6281-021436,Moderate,Windy,0
EI2070-255462,Dry,Breezy,2
FR8564-947236,Dry,Breezy,10
BA2993-384106,Dry,Breezy,0
U29779-426100,Dry,Breezy,7
EI8583-703135,Light,Calm,0
EI3674-102354,Dry,Breezy,4
EI4043-626530,Moderate,Breezy,3
U28272-769676,Dry,Windy,0
EI3749-169565,Dry,Breezy,10
FR7920-684109,Dry,Breezy,6
BA9219-300144,Dry,Breezy,0
FR4151-344601,Moderate,Windy,4
EI6141-904067,Dry,Breezy,0
EI3625-832400,Dry,Breezy,5
FR2165-323839,Light,Breezy,41
BA9167-620974,Dry,Breezy,12
EI7450-821521,Moderate,Breezy,0
FR7001-426710,Light,Breezy,37
FR4906-778922,Light,Windy,0
BA7599-540114,Dry,Windy,0
U29670-079219,Dry,Calm,7
EI2771-375823,Dry,Windy,12
BA9591-500651,Dry,Calm,5
EI8484-552378,Light,Calm,0
EI3658-235171,Dry,Windy,3
BA2046-439179,Dry,Breezy,43
EI1662-916106,Dry,Windy,0
EI9274-474508,Dry,Windy,25
BA3857-512599,Dry,VeryWindy,2
BA5375-341976,Light,Calm,28
EI578-832090,Dry,Windy,2
BA1669-047131,Light,Windy,0
FR1703-419932,Light,Breezy,5
BA2854-764901,Dry,Windy,32
U23494-035750,Light,Calm,4
FR272-375357,Dry,Breezy,7
BA6069-799986,Dry,Windy,3
EI3333-907344,Light,Windy,6
U29715-365720,Light,Breezy,5
EI4864-463044,Dry,Windy,0
EI9523-698425,Dry,Calm,20
U29296-985314,Dry,Breezy,5
EI8963-531055,Moderate,VeryWindy,4
U25664-293051,Dry,Breezy,0
U21627-383076,Dry,VeryWindy,4
U21224-238741,Moderate,Calm,21
FR3779-144339,Dry,Windy,7
FR1209-211955,Light,Windy,3
EI2609-715432,Dry,Calm,0
FR1847-814547,Heavy,VeryWindy,7
BA8201-348348,Light,Calm,7
BA8074-591117,Light,Breezy,0
BA7178-999447,Dry,Breezy,0
EI7022-271390,Dry,Windy,0
BA294-818203,Dry,Windy,25
FR6350-975485,Moderate,Breezy,0
FR1528-023152,Light,Windy,1
U29724-585634,Dry,Breezy,7
EI7046-487412,Moderate,Calm,1
EI1340-513417,Dry,Calm,5
FR9952-722457,Light,Windy,15
FR7934-506302,Light,Breezy,11
U29240-174696,Dry,Breezy,0
EI0873-984641,Light,Windy,35
EI1032-972894,Dry,VeryWindy,22
U29137-504541,Dry,Windy,4
BA2773-154008,Dry,Breezy,4
U2077-467953,Dry,Calm,0
FR6193-617634,Dry,Breezy,0
FR945-675308,Dry,Breezy,6
BA8649-373813,Light,Breezy,5
EI4413-640337,Moderate,VeryWindy,9
U20663-784048,Dry,Breezy,1
U28936-557308,Dry,Breezy,0
U26490-842936,Heavy,Calm,0
U22323-117737,Dry,VeryWindy,28
EI6402-455702,Dry,Breezy,1
BA6730-540952,Moderate,Breezy,2
BA4714-738843,Dry,Breezy,7
FR8917-930495,Dry,Breezy,3
BA5486-479726,Dry,Calm,0
EI8587-496893,Moderate,Breezy,7
U29864-728194,Light,Breezy,28
FR118-751130,Light,Calm,2
BA6566-231981,Dry,Calm,0
EI2883-716841,Light,Calm,3
EI6272-285209,Light,Breezy,3
U21642-027380,Dry,Breezy,43
BA3131-299980,Light,Windy,3
EI1539-673862,Moderate,Calm,2
U26277-305720,Heavy,VeryWindy,6
BA2039-189647,Light,Windy,10
U25669-845082,Dry,VeryWindy,25
U29807-833171,Dry,Windy,39
EI2558-647871,Dry,Windy,2
U28750-560402,Moderate,VeryWindy,0
FR1574-045203,Dry,Calm,41
BA2341-073435,Dry,Calm,5
EI7689-405146,Moderate,VeryWindy,17
BA7243-948448,Moderate,Calm,9
EI2713-145537,Heavy,Calm,1
FR7725-772553,Light,Windy,8
U24802-265521,Dry,Windy,2
BA4417-419844,Light,Calm,7
FR6621-409165,Dry,Calm,3
FR3508-471119,Heavy,VeryWindy,25
FR7949-116702,Moderate,Windy,4
U27789-226361,Light,Breezy,5
FR604-818935,Light,Calm,0
FR2365-455769,Dry,Windy,33
FR8160-313550,Dry,Calm,4
EI3578-609497,Dry,Breezy,11
U24174-975420,Dry,Windy,0
U23747-923166,Moderate,Windy,29
EI8675-094973,Moderate,Calm,6
BA2346-881765,Light,VeryWindy,8
BA683-272773,Light,Breezy,2
BA5726-811941,Dry,Breezy,8
U20082-224264,Dry,Calm,5
EI4660-442008,Light,Calm,5
FR8702-804168,Dry,Windy,34
BA3418-028698,Light,Windy,5
EI8348-087155,Moderate,Breezy,15
FR1905-031434,Dry,Breezy,25
FR9359-802663,Dry,Calm,5
EI4259-730370,Light,Breezy,4
EI6924-144870,Light,VeryWindy,0
EI8013-407218,Light,Breezy,7
FR2477-192804,Moderate,Breezy,3
U28008-631396,Dry,Breezy,6
U25450-994162,Dry,Breezy,25
EI8413-108310,Dry,Breezy,27
U25293-489123,Dry,Breezy,6
BA6033-966393,Moderate,Calm,5
EI8319-114295,Light,Calm,3
BA9753-816042,Dry,Windy,7
FR330-337227,Moderate,Calm,2
BA6471-442744,Dry,Calm,3
FR1977-518500,Dry,Breezy,7
EI0224-501441,Dry,Calm,7
FR9747-748930,Dry,Windy,31
BA6527-048748,Light,VeryWindy,15
BA3334-315517,Moderate,Windy,8
EI5660-904180,Heavy,Breezy,0
BA4284-107117,Light,Windy,33
EI7425-365965,Dry,Calm,5
FR8069-876141,Moderate,Calm,23
FR9613-344547,Dry,Calm,6
EI3969-348066,Dry,Calm,0
FR6302-518553,Dry,Windy,34
FR9728-132884,Light,Breezy,29
FR1794-369512,Dry,Calm,6
FR5781-447910,Dry,Calm,0
U26813-606546,Dry,Windy,7
BA1404-852053,Dry,Calm,6
BA9199-693233,Light,Breezy,0
BA1686-677764,Dry,Calm,5
U29700-659828,Moderate,Windy,15
EI2622-656330,Dry,Breezy,0
EI5569-433644,Light,Breezy,35
EI1265-055989,Dry,Calm,1
U23956-077141,Light,Breezy,26
U29559-208162,Dry,Breezy,35
FR2282-328903,Light,Windy,37
U2568-315678,Dry,Breezy,8
U29012-504304,Dry,Breezy,27
U23203-884060,Moderate,Breezy,6
FR8456-075827,Moderate,Breezy,47
FR2499-049449,Dry,VeryWindy,9
BA9581-884110,Moderate,Breezy,5
EI7074-163908,Dry,Calm,32
U27302-602197,Dry,Breezy,6
EI9008-939197,Dry,Calm,4
FR3101-726433,Dry,Calm,42
BA801-787756,Light,Windy,1
BA4958-224774,Moderate,Breezy,2
U25233-952647,Dry,Breezy,4
BA8696-801913,Moderate,Windy,15
EI9999-443621,Dry,Breezy,13
FR6404-484132,Dry,Breezy,5
U27259-666813,Moderate,Calm,2
U28681-097730,Dry,Calm,1
EI4296-246236,Moderate,Windy,45
FR6192-904629,Light,Breezy,7
BA2010-309165,Light,Breezy,15
BA4804-099432,Light,Windy,2
BA3710-074666,Heavy,Calm,5
EI2905-963847,Dry,Windy,6
BA8988-326598,Moderate,Breezy,5
U23412-939719,Dry,Calm,1
EI8559-923636,Dry,Breezy,6
FR5004-895220,Dry,VeryWindy,42
EI6436-039952,Dry,VeryWindy,38
EI3870-860096,Light,Breezy,7
U26664-890802,Dry,Calm,0
U27401-828490,Dry,Breezy,1
BA0466-503484,Dry,Windy,7
BA7110-388948,Dry,Windy,2
U24118-804383,Dry,Calm,0
BA8192-137063,Light,Breezy,0
FR1422-656728,Dry,Breezy,9
EI3906-475202,Dry,Windy,3
FR9754-079089,Dry,Calm,5
EI1462-616949,Light,Windy,3
EI5651-762574,Dry,Breezy,0
BA0975-890866,Dry,Windy,2
EI5162-088722,Light,Calm,1
U23675-472492,Dry,Windy,3
U29712-439157,Dry,Windy,30
U28447-618830,Dry,Windy,6
BA3470-083699,Light,Windy,3
EI9770-921897,Light,Windy,7
U28314-687687,Light,Calm,2
FR5247-756751,Dry,Calm,21
U22868-773120,Moderate,Calm,2
EI2061-739144,Light,Breezy,5
FR0731-516334,Dry,Breezy,23
U23164-622440,Dry,Calm,0
BA8576-424909,Dry,VeryWindy,5
EI6017-679674,Dry,Windy,2
EI5245-270231,Dry,Windy,0
U24368-492013,Light,Calm,0
BA7810-907496,Heavy,Windy,4
EI8224-152060,Dry,Calm,7
BA7978-448501,Dry,Windy,6
FR6806-379028,Dry,Breezy,11
U20094-793009,Dry,Breezy,0
BA3261-332676,Dry,Breezy,0
EI9212-006030,Light,Calm,37
BA5983-717296,Dry,Calm,26
EI7828-367534,Dry,Windy,9
EI3704-632222,Dry,Breezy,2
FR6133-088348,Dry,Windy,1
FR4080-588312,Dry,Breezy,29
FR4494-508561,Light,Calm,6
FR7415-155594,Dry,Breezy,0
U21668-915296,Dry,Windy,5
U21805-244797,Light,Breezy,10
U29359-984534,Light,Calm,2
FR2256-005456,Light,Windy,6
BA8128-557225,Dry,VeryWindy,30
U25827-446654,Dry,Calm,52
U27051-028673,Dry,Calm,10
EI6544-539481,Dry,VeryWindy,20
BA5412-145064,Dry,Calm,0
EI3757-654166,Dry,VeryWindy,5
BA1343-111297,Dry,Breezy,2
EI3578-092893,Dry,Breezy,7
EI1708-831356,Dry,Windy,0
EI0555-434188,Dry,Breezy,4
EI5474-673717,Light,Windy,3
BA3269-464185,Moderate,VeryWindy,20
BA6047-832438,Light,Windy,8
FR6076-636193,Dry,Calm,4
EI7634-421294,Light,Calm,1
EI4472-502685,Dry,Calm,0
BA9911-140487,Light,Windy,0
U21976-043201,Light,Calm,29
FR9887-869099,Dry,Windy,45
U26825-022488,Dry,Breezy,6
FR1347-183931,Light,Breezy,3
EI6930-464511,Light,Breezy,3
BA5473-700156,Light,Windy,0
U21031-353779,Dry,Windy,25
U24016-720213,Dry,Breezy,15
FR2278-202848,Dry,Breezy,25
FR5584-809418,Dry,Breezy,24
FR7626-196673,Heavy,Calm,0
FR3195-436321,Dry,Breezy,0
EI1225-029850,Light,VeryWindy,1
FR1085-471791,Light,Windy,19
EI4937-766102,Moderate,Breezy,21
FR9528-811784,Moderate,Windy,45
FR8872-841436,Light,Calm,2
FR456-923343,Moderate,Windy,22
U22305-645837,Dry,Windy,0
EI6744-066790,Dry,Breezy,4
U21252-588086,Dry,Breezy,0
BA1308-939242,Light,Breezy,6
BA9363-356397,Dry,Windy,1
EI4023-430425,Dry,Breezy,31
BA9952-000427,Light,VeryWindy,0
FR8288-525962,Dry,Breezy,25
FR3349-716294,Heavy,Breezy,24
U27236-931233,Light,Calm,5
U27373-209401,Light,Breezy,3
U26234-528823,Light,Breezy,0
BA5019-633216,Dry,Calm,4
FR6290-628184,Dry,VeryWindy,6
BA4402-593887,Dry,Windy,4
FR5296-943772,Dry,Breezy,0
EI7578-216167,Dry,Calm,0
EI0850-311688,Dry,Windy,6
BA7884-672479,Dry,Breezy,0
U2398-498048,Dry,Breezy,0
FR2312-275261,Heavy,Calm,0
U27186-786254,Dry,Windy,1
BA5806-341199,Dry,Breezy,2
EI5321-146999,Dry,Breezy,5
FR4144-644750,Dry,Calm,0
BA7175-960095,Moderate,Breezy,2
FR5980-379109,Dry,Windy,0
EI4271-566532,Dry,Calm,1
EI0425-899943,Moderate,Calm,4
BA6528-617121,Light,Breezy,4
U25974-906635,Light,Calm,8
FR9482-011188,Dry,Breezy,8
U24449-113824,Dry,Breezy,0
